--
-- PostgreSQL database dump
--

\restrict LTsqUwAtEKwYnAiZgGI3gtYvuQsVvRHCnn398yHjkFO1FebEGd6rOGUn82Kb1My

-- Dumped from database version 16.13
-- Dumped by pg_dump version 16.13

-- Started on 2026-04-25 00:07:40

SET statement_timeout = 0;
SET lock_timeout = 0;
SET idle_in_transaction_session_timeout = 0;
SET client_encoding = 'UTF8';
SET standard_conforming_strings = on;
SELECT pg_catalog.set_config('search_path', '', false);
SET check_function_bodies = false;
SET xmloption = content;
SET client_min_messages = warning;
SET row_security = off;

SET default_tablespace = '';

SET default_table_access_method = heap;

--
-- TOC entry 224 (class 1259 OID 32792)
-- Name: document; Type: TABLE; Schema: public; Owner: postgres
--

CREATE TABLE public.document (
    id bigint NOT NULL,
    content_type character varying(255) NOT NULL,
    file_name character varying(255) NOT NULL,
    file_size bigint NOT NULL,
    uploaded_at timestamp(6) without time zone NOT NULL
);


ALTER TABLE public.document OWNER TO postgres;

--
-- TOC entry 226 (class 1259 OID 32800)
-- Name: document_chunk; Type: TABLE; Schema: public; Owner: postgres
--

CREATE TABLE public.document_chunk (
    id bigint NOT NULL,
    chunk_index integer NOT NULL,
    content character varying(4000) NOT NULL,
    document_id bigint NOT NULL
);


ALTER TABLE public.document_chunk OWNER TO postgres;

--
-- TOC entry 225 (class 1259 OID 32799)
-- Name: document_chunk_id_seq; Type: SEQUENCE; Schema: public; Owner: postgres
--

ALTER TABLE public.document_chunk ALTER COLUMN id ADD GENERATED BY DEFAULT AS IDENTITY (
    SEQUENCE NAME public.document_chunk_id_seq
    START WITH 1
    INCREMENT BY 1
    NO MINVALUE
    NO MAXVALUE
    CACHE 1
);


--
-- TOC entry 223 (class 1259 OID 32791)
-- Name: document_id_seq; Type: SEQUENCE; Schema: public; Owner: postgres
--

ALTER TABLE public.document ALTER COLUMN id ADD GENERATED BY DEFAULT AS IDENTITY (
    SEQUENCE NAME public.document_id_seq
    START WITH 1
    INCREMENT BY 1
    NO MINVALUE
    NO MAXVALUE
    CACHE 1
);


--
-- TOC entry 218 (class 1259 OID 16408)
-- Name: question; Type: TABLE; Schema: public; Owner: postgres
--

CREATE TABLE public.question (
    id bigint NOT NULL,
    correct_answer character varying(255),
    optiona character varying(255),
    optionb character varying(255),
    optionc character varying(255),
    optiond character varying(255),
    question character varying(255),
    quiz_id bigint
);


ALTER TABLE public.question OWNER TO postgres;

--
-- TOC entry 217 (class 1259 OID 16407)
-- Name: question_id_seq; Type: SEQUENCE; Schema: public; Owner: postgres
--

ALTER TABLE public.question ALTER COLUMN id ADD GENERATED BY DEFAULT AS IDENTITY (
    SEQUENCE NAME public.question_id_seq
    START WITH 1
    INCREMENT BY 1
    NO MINVALUE
    NO MAXVALUE
    CACHE 1
);


--
-- TOC entry 216 (class 1259 OID 16400)
-- Name: quiz; Type: TABLE; Schema: public; Owner: postgres
--

CREATE TABLE public.quiz (
    id bigint NOT NULL,
    created_at timestamp(6) without time zone,
    difficulty character varying(255),
    topic character varying(255)
);


ALTER TABLE public.quiz OWNER TO postgres;

--
-- TOC entry 215 (class 1259 OID 16399)
-- Name: quiz_id_seq; Type: SEQUENCE; Schema: public; Owner: postgres
--

ALTER TABLE public.quiz ALTER COLUMN id ADD GENERATED BY DEFAULT AS IDENTITY (
    SEQUENCE NAME public.quiz_id_seq
    START WITH 1
    INCREMENT BY 1
    NO MINVALUE
    NO MAXVALUE
    CACHE 1
);


--
-- TOC entry 220 (class 1259 OID 24600)
-- Name: quiz_result; Type: TABLE; Schema: public; Owner: postgres
--

CREATE TABLE public.quiz_result (
    id bigint NOT NULL,
    date timestamp(6) without time zone NOT NULL,
    score integer NOT NULL,
    total_questions integer NOT NULL,
    user_id bigint NOT NULL
);


ALTER TABLE public.quiz_result OWNER TO postgres;

--
-- TOC entry 219 (class 1259 OID 24599)
-- Name: quiz_result_id_seq; Type: SEQUENCE; Schema: public; Owner: postgres
--

ALTER TABLE public.quiz_result ALTER COLUMN id ADD GENERATED BY DEFAULT AS IDENTITY (
    SEQUENCE NAME public.quiz_result_id_seq
    START WITH 1
    INCREMENT BY 1
    NO MINVALUE
    NO MAXVALUE
    CACHE 1
);


--
-- TOC entry 228 (class 1259 OID 32818)
-- Name: quiz_result_report; Type: TABLE; Schema: public; Owner: postgres
--

CREATE TABLE public.quiz_result_report (
    id bigint NOT NULL,
    accuracy_percentage integer NOT NULL,
    answer_review_json oid NOT NULL,
    difficulty character varying(255) NOT NULL,
    improvement_suggestions_json oid NOT NULL,
    number_of_questions integer NOT NULL,
    performance_summary_json oid NOT NULL,
    quiz_result_id bigint NOT NULL,
    score integer NOT NULL,
    taken_at timestamp(6) without time zone NOT NULL,
    topic character varying(255) NOT NULL
);


ALTER TABLE public.quiz_result_report OWNER TO postgres;

--
-- TOC entry 227 (class 1259 OID 32817)
-- Name: quiz_result_report_id_seq; Type: SEQUENCE; Schema: public; Owner: postgres
--

ALTER TABLE public.quiz_result_report ALTER COLUMN id ADD GENERATED BY DEFAULT AS IDENTITY (
    SEQUENCE NAME public.quiz_result_report_id_seq
    START WITH 1
    INCREMENT BY 1
    NO MINVALUE
    NO MAXVALUE
    CACHE 1
);


--
-- TOC entry 222 (class 1259 OID 24606)
-- Name: users; Type: TABLE; Schema: public; Owner: postgres
--

CREATE TABLE public.users (
    id bigint NOT NULL,
    email character varying(255) NOT NULL,
    password character varying(255) NOT NULL,
    username character varying(255) NOT NULL
);


ALTER TABLE public.users OWNER TO postgres;

--
-- TOC entry 221 (class 1259 OID 24605)
-- Name: users_id_seq; Type: SEQUENCE; Schema: public; Owner: postgres
--

ALTER TABLE public.users ALTER COLUMN id ADD GENERATED BY DEFAULT AS IDENTITY (
    SEQUENCE NAME public.users_id_seq
    START WITH 1
    INCREMENT BY 1
    NO MINVALUE
    NO MAXVALUE
    CACHE 1
);


--
-- TOC entry 4942 (class 2613 OID 32827)
-- Name: 32827; Type: BLOB; Schema: -; Owner: postgres
--

SELECT pg_catalog.lo_create('32827');


ALTER LARGE OBJECT 32827 OWNER TO postgres;

--
-- TOC entry 4943 (class 2613 OID 32828)
-- Name: 32828; Type: BLOB; Schema: -; Owner: postgres
--

SELECT pg_catalog.lo_create('32828');


ALTER LARGE OBJECT 32828 OWNER TO postgres;

--
-- TOC entry 4944 (class 2613 OID 32829)
-- Name: 32829; Type: BLOB; Schema: -; Owner: postgres
--

SELECT pg_catalog.lo_create('32829');


ALTER LARGE OBJECT 32829 OWNER TO postgres;

--
-- TOC entry 4945 (class 2613 OID 32831)
-- Name: 32831; Type: BLOB; Schema: -; Owner: postgres
--

SELECT pg_catalog.lo_create('32831');


ALTER LARGE OBJECT 32831 OWNER TO postgres;

--
-- TOC entry 4946 (class 2613 OID 32832)
-- Name: 32832; Type: BLOB; Schema: -; Owner: postgres
--

SELECT pg_catalog.lo_create('32832');


ALTER LARGE OBJECT 32832 OWNER TO postgres;

--
-- TOC entry 4947 (class 2613 OID 32833)
-- Name: 32833; Type: BLOB; Schema: -; Owner: postgres
--

SELECT pg_catalog.lo_create('32833');


ALTER LARGE OBJECT 32833 OWNER TO postgres;

--
-- TOC entry 4948 (class 2613 OID 32834)
-- Name: 32834; Type: BLOB; Schema: -; Owner: postgres
--

SELECT pg_catalog.lo_create('32834');


ALTER LARGE OBJECT 32834 OWNER TO postgres;

--
-- TOC entry 4949 (class 2613 OID 32835)
-- Name: 32835; Type: BLOB; Schema: -; Owner: postgres
--

SELECT pg_catalog.lo_create('32835');


ALTER LARGE OBJECT 32835 OWNER TO postgres;

--
-- TOC entry 4950 (class 2613 OID 32836)
-- Name: 32836; Type: BLOB; Schema: -; Owner: postgres
--

SELECT pg_catalog.lo_create('32836');


ALTER LARGE OBJECT 32836 OWNER TO postgres;

--
-- TOC entry 4951 (class 2613 OID 32837)
-- Name: 32837; Type: BLOB; Schema: -; Owner: postgres
--

SELECT pg_catalog.lo_create('32837');


ALTER LARGE OBJECT 32837 OWNER TO postgres;

--
-- TOC entry 4952 (class 2613 OID 32838)
-- Name: 32838; Type: BLOB; Schema: -; Owner: postgres
--

SELECT pg_catalog.lo_create('32838');


ALTER LARGE OBJECT 32838 OWNER TO postgres;

--
-- TOC entry 4953 (class 2613 OID 32839)
-- Name: 32839; Type: BLOB; Schema: -; Owner: postgres
--

SELECT pg_catalog.lo_create('32839');


ALTER LARGE OBJECT 32839 OWNER TO postgres;

--
-- TOC entry 4954 (class 2613 OID 32840)
-- Name: 32840; Type: BLOB; Schema: -; Owner: postgres
--

SELECT pg_catalog.lo_create('32840');


ALTER LARGE OBJECT 32840 OWNER TO postgres;

--
-- TOC entry 4955 (class 2613 OID 32841)
-- Name: 32841; Type: BLOB; Schema: -; Owner: postgres
--

SELECT pg_catalog.lo_create('32841');


ALTER LARGE OBJECT 32841 OWNER TO postgres;

--
-- TOC entry 4956 (class 2613 OID 32842)
-- Name: 32842; Type: BLOB; Schema: -; Owner: postgres
--

SELECT pg_catalog.lo_create('32842');


ALTER LARGE OBJECT 32842 OWNER TO postgres;

--
-- TOC entry 4957 (class 2613 OID 32843)
-- Name: 32843; Type: BLOB; Schema: -; Owner: postgres
--

SELECT pg_catalog.lo_create('32843');


ALTER LARGE OBJECT 32843 OWNER TO postgres;

--
-- TOC entry 4958 (class 2613 OID 32844)
-- Name: 32844; Type: BLOB; Schema: -; Owner: postgres
--

SELECT pg_catalog.lo_create('32844');


ALTER LARGE OBJECT 32844 OWNER TO postgres;

--
-- TOC entry 4959 (class 2613 OID 32845)
-- Name: 32845; Type: BLOB; Schema: -; Owner: postgres
--

SELECT pg_catalog.lo_create('32845');


ALTER LARGE OBJECT 32845 OWNER TO postgres;

--
-- TOC entry 4960 (class 2613 OID 32846)
-- Name: 32846; Type: BLOB; Schema: -; Owner: postgres
--

SELECT pg_catalog.lo_create('32846');


ALTER LARGE OBJECT 32846 OWNER TO postgres;

--
-- TOC entry 4961 (class 2613 OID 32847)
-- Name: 32847; Type: BLOB; Schema: -; Owner: postgres
--

SELECT pg_catalog.lo_create('32847');


ALTER LARGE OBJECT 32847 OWNER TO postgres;

--
-- TOC entry 4962 (class 2613 OID 32848)
-- Name: 32848; Type: BLOB; Schema: -; Owner: postgres
--

SELECT pg_catalog.lo_create('32848');


ALTER LARGE OBJECT 32848 OWNER TO postgres;

--
-- TOC entry 4937 (class 0 OID 32792)
-- Dependencies: 224
-- Data for Name: document; Type: TABLE DATA; Schema: public; Owner: postgres
--

COPY public.document (id, content_type, file_name, file_size, uploaded_at) FROM stdin;
7	application/vnd.openxmlformats-officedocument.presentationml.presentation	Unit_1_CN.pptx	8799592	2026-04-24 02:45:38.35304
\.


--
-- TOC entry 4939 (class 0 OID 32800)
-- Dependencies: 226
-- Data for Name: document_chunk; Type: TABLE DATA; Schema: public; Owner: postgres
--

COPY public.document_chunk (id, chunk_index, content, document_id) FROM stdin;
167	2	SE0602 CN Unit 1 12/23/2025 Mini Jain ACSE0602 CN Unit 1 8 Resource Sharing Server-Client model: Communication Medium: Access to remote information Person-to-person communication Electronic commerce Cloud-based Applications AI and Expert System Neural Networks and parallel programming Decision support and office automation systems etc. Area of Applications To develop an understanding of To understand computer networking basics. To understand different components of computer networks. To study and understand various protocols. The standard models for the layered approach to communication between autonomous machines in a network. To study and understand the main characteristics of data transmission across various physical link types. 12/23/2025 9 Mini Jain ACSE0602 CN Unit 1 Course Objective	7
168	3	Course Outcome (COs) After completion of this course students will be able to :- 12/23/2025 Mini Jain ACSE0602 CN Unit 1 10 Program Outcome (POs) Engineering Graduate Students will be able to :- 12/23/2025 Mini Jain ACSE0602 CN Unit 1 11 Program Outcome (POs) Engineering Graduate Students will be able to :- 12/23/2025 Mini Jain ACSE0602 CN Unit 1 12 12/23/2025 13 Mini Jain ACSE0602 CN Unit 1 The highlighted text shows the mapping of course outcome with PO mapping of this unit CO-PO Mapping Program Specific Outcome (PSOs) 12/23/2025 Mini Jain ACSE0602 CN Unit 1 14 12/23/2025 15 Mini Jain ACSE0602 CN Unit 1 The highlighted text shows the mapping of course outcome with PSO mapping of this unit CO-PSO Mapping Program Educational Objectives (PEOs) 12/23/2025 Mini Jain ACSE0602 CN Unit 1 16 Res	7
169	4	ult Analysis 12/23/2025 Mini Jain ACSE0602 CN Unit 1 17 Computer Networks Result of 2022-23 12/23/2025 B TECH (SEM-VI) THEORY EXAMINATION 20__-20__ OBJECT ORIENTED SYSTEM DESIGN Time: 3 Hours Total Marks: 100 Note: 1. Attempt all Sections. If require any missing data; then choose suitably. SECTION A Attempt all questions in brief. 2 x 10 = 20 Mini Jain ACSE0602 CN Unit 1 18 End Semester Question Paper Template 12/23/2025 SECTION B 2. Attempt any three of the following: 3 x 10 = 30 SECTION C 3. Attempt any one part of the following: 1 x 10 = 10 Mini Jain ACSE0602 CN Unit 1 19 End Semester Question Paper Template 12/23/2025 4. Attempt any one part of the following: 1 x 10 = 10 5. Attempt any one part of the following: 1 x 10 = 10 6. Attempt any one part of the following: 1 x 10 = 10 20 Mini	7
170	5	Jain ACSE0602 CN Unit 1 End Semester Question Paper Template 12/23/2025 7. Attempt any one part of the following: 1 x 10 = 10 21 Mini Jain ACSE0602 CN Unit 1 End Semester Question Paper Template Prerequisite 12/23/2025 Mini Jain ACSE0602 CN Unit 1 22 12/23/2025 Mini Jain ACSE0602 CN Unit 1 23  Computer network is a group of devices connected with each other through a transmission medium such as wires, cables etc. These devices can be computers, printers, scanners, Fax machines etc. Purpose: To send and receive data stored in other devices over the network. Brief Introduction to Subject Topic Objective To understand the basics concepts of computer interconnection Network devices and Different Topology. Medium of transmission used. OSI Model reference and TCP/IP Model reference The LAN, WAN	7
171	6	and MAN concept 12/23/2025 24 Mini Jain ACSE0602 CN Unit 1 Objective Unit1 (CO1) communication = share the information Data refers to any information Data communication exchange of data between two devices by some transmission medium. Effectiveness of data communication depends on Delivery Accuracy Timeliness Jitter 12/23/2025 25 Mini Jain ACSE0602 CN Unit 1 Communication (CO1) A computer network is an interconnection of two or more computers that are able to exchange information Network is a set of devices connected by communication link The computer may be connected via any data communication link Computers can be personal or main frames The computer network may be located anywhere in the world and its size can vary Inter-process communication- message passes into same machine. This is t	7
172	7	aken care by OS. Computer network Generally follow a client server model. Where client and server are located at different machine and at a different location 12/23/2025 26 Mini Jain ACSE0602 CN Unit 1 Computer Networks (CO1) Components Message – information to be communicated Sender – a device that sends the data Receiver – a device that receives the data Transmission medium – physical path by which message transmits Protocol – a set of rules that govern data communications (to make it understand by sender/receiver) Types of signals Analog – telephones and radios Digital - computers 12/23/2025 27 Mini Jain ACSE0602 CN Unit 1 Computer Network Communication (CO1) Text Bit pattern, sequence of bits set of bits – code, process is coding Numbers Number system Images Matrix of pixels Size of th	7
173	8	e pixel depends on resolution Audio Continuous Video Continuous / combination of images 12/23/2025 28 Mini Jain ACSE0602 CN Unit 1 Data Representation Networks functionalities can be of two types- Mandatory and Optional Mandatory: Error Control, Flow Control, Mux-Demux etc. Optional: Encryption/Decryption, checkpoints etc. 12/23/2025 29 Mini Jain ACSE0602 CN Unit 1 Functionality 12/23/2025 30 Mini Jain ACSE0602 CN Unit 1 Internet complex Network Interconnection. Governed by Protocols and Standards. Organization of internet Involved : Regional Internet Registries (RIRs) Internet Corporation for Assigned Names and Numbers (ICANN) Network Startup Resource Center (NSRC) Internet exchange points (IXPs) Network operators Vendors Technology companies Organization of Internet (CO1) 12/23/2025 31 M	7
165	0	Introduction Mini Jain (Assistant Professor) Information Technology 12/23/2025 1 Unit:1 Mini Jain ACSE0602 CN Unit 1 CN: ACSE0602 Course Details B Tech 6th Sem Noida Institute of Engineering and Technology , Greater Noida Experience in Teaching: 3 Years 5 Months. Experience in Development : 1Years. Worked on Deep learning technology under the topic Detection of Animals using Deep Learning Algorithm. Area of Interest: Fullstack Web Development, Machine Learning, DAA, Data Structure, C-Programming. 12/23/2025 2 Mini Jain ACSE0602 CN Unit 1 Introduction of Faculty 12/23/2025 3 Mini Jain ACSE0602 CN Unit 1 Evaluation Scheme 12/23/2025 4 Mini Jain ACSE0602 CN Unit 1 Syllabus 12/23/2025 5 Mini Jain ACSE0602 CN Unit 1 1. Forouzen, "Data Communication and Networking", TMH 2. A.S. Tanenbaum, Comput	7
166	1	er Networks, Pearson Education 3. W. Stallings, Data and Computer Communication, Macmillan Press 4. Gary R.Wright, W.Richard Stevens "TCP/IP Illustrated,Volume2 The Implementation" Addison-Wesley 5. Michael A. Gallo and William M. Hancock "Computer communication and Networking Technology" Cengage Learning 6. Bhavneet Sidhu, An Integrated approach to Computer Networks, Khanna Publishing House 7. Anuranjan Misra, “Computer Networks”, Acme Learning 8. G. Shanmugarathinam, ”Essential of TCP/ IP”, Firewall Media References 12/23/2025 Mini Jain ACSE0602 CN Unit 1 6 Behrouz Forouzan, “Data Communication and Networking”, McGraw Hill 2. Andrew Tanenbaum “Computer Networks”, Prentice Hall. 3. William Stallings, “Data and Computer Communication”, Pearson. Text Books 12/23/2025 7 Syllabus Mini Jain AC	7
174	9	ini Jain ACSE0602 CN Unit 1 When two or more networks are connected, they become an internetwork, or internet. Organization of Internet (CO1) 12/23/2025 32 Mini Jain ACSE0602 CN Unit 1 ISP: Internet service Provider is a company which provides internet connections to end user. There are 3 Levels of ISP : Tier 1 Tier 2 Tier 3 ISP (CO1) Simplex: 1. one fiber for data transmission. 2. one direction. 3. used for sensors and remote Monitoring. Duplex: 1.Two fibers -> one for receiving data and one for sending data 2. Both direction 3. used for workstations and servers. Full Duplex: 1.bidirectional 2. Example: LAN Half Duplex: 1. Bidirectional but it must start from sender side. 2. Example: walkie and talkie 12/23/2025 33 Mini Jain ACSE0602 CN Unit 1 Modes of Transmission Types 12/23/2025 34 Min	7
175	10	i Jain ACSE0602 CN Unit 1 Modes of Transmission (CO1) A network is a set of devices (often referred to as nodes) connected by communication links. A node can be a computer, printer, or any other device capable of sending and/or receiving data generated by other nodes on the network. Types of connections 12/23/2025 35 Mini Jain ACSE0602 CN Unit 1 Computer Networks Distributed Processing Most networks use distributed processing, in which a task is divided among multiple computers. Instead of one single large machine being responsible for all aspects of a process, separate computer (usually a personal computer or workstation) handle a subset. 12/23/2025 36 Mini Jain ACSE0602 CN Unit 1 Computer Networks Network Criteria Performance Transmit time is the amount of time required for a message to	7
176	11	travel from one device to another. Response time is the elapsed time between an inquiry and a response. depends on the number of users, the type of transmission medium, the capabilities of the connected hardware, and the efficiency of the software. evaluated by two networking metrics: throughput and delay. 12/23/2025 37 Mini Jain ACSE0602 CN Unit 1 Computer Networks Network Criteria Reliability the frequency of failure, the time it takes a link to recover from a failure. Security protecting data from unauthorized access, protecting data from damage and development, and implementing policies and procedures for recovery from breaches and data losses. 12/23/2025 38 Computer networks Mini Jain ACSE0602 CN Unit 1 Computer Networks Goals of networking Resource sharing High reliability Saving Mon	7
177	12	ey Interprocess Communication Flexible access Distribution of Process Peer to Peer communication (equal) Centralized communication (one) 12/23/2025 39 Mini Jain ACSE0602 CN Unit 1 Computer Networks Applications of networking Accessing Remote Database Virtual Access Communication Facility Marketing & Sales Financial Services Manufacturing E-messages Direct Services Teleconferencing Cable TV 12/23/2025 40 Mini Jain ACSE0602 CN Unit 1 Computer Networks Types of Connection: Point to Point only two devices are connected with a dedicated link. The link provided has a fixed bandwidth. The entire capacity of the link can be used by both of the devices. Multipoint More than two devices are connected in this. They share the data using a common link. The link capacity is shared among all the connecte	7
178	13	d devices. This Sharing can be either Spatially (simultaneously data sharing) or Temporally (time shared) 12/23/2025 41 Mini Jain ACSE0602 CN Unit 1 Computer Networks Categories of topology 12/23/2025 42 Mini Jain ACSE0602 CN Unit 1 Topology (CO1) Mesh Topology Every device has a dedicated point-to-point link to every other device. The number of physical links in a fully connected mesh network with n nodes = n(n - 1)/2 No. of ports on each device = (n-1) and Total no. of nodes = (n-1)*n Advantages carry its own data load reliable Robust privacy or security fault identification and fault isolation easy Disadvantages amount of cabling and the number of I/O ports required installation and reconnection are difficult sheer bulk of the wiring expensive 12/23/2025 43 Mini Jain ACSE0602 CN Unit 1	7
179	14	Topology(CO1) 12/23/2025 44 Mini Jain ACSE0602 CN Unit 1 Mesh Topology Topology (CO1) Star Topology each device has a dedicated point-to-point link only to a central controller, usually called a hub. The devices are not directly linked to one another Advantages less expensive easy to install and reconfigure less cabling Robustness easy fault identification and fault isolation Disadvantages dependency of the whole topology on one single point, the hub often more cabling is required 12/23/2025 45 Mini Jain ACSE0602 CN Unit 1 Topology (CO1) 12/23/2025 46 Mini Jain ACSE0602 CN Unit 1 Star Topology Topology (CO1) 12/23/2025 47 Mini Jain ACSE0602 CN Unit 1 Bus Topology Multipoint One long cable acts as a backbone to link all the devices in a network Nodes are connected to the bus cable by drop l	7
180	15	ines and taps. A drop line is a connection running between the device and the main cable Advantages ease of installation less cabling than mesh or star topologies Disadvantages difficult reconnection and fault isolation difficult to add new devices a fault or break in the bus cable stops all transmission Topology (CO1) 12/23/2025 48 Mini Jain ACSE0602 CN Unit 1 Bus Topology Topology (CO1) 12/23/2025 49 Mini Jain ACSE0602 CN Unit 1 Ring topology each device has a dedicated point-to-point connection with only the two devices on either side of it. A signal is passed along the ring in one direction device to device, until it reaches its destination. Each device in the ring incorporates a repeater. When a device receives a signal intended for another device, its repeater regenerates the bits an	7
181	16	d passes them along. No. of cables = n+1 Advantages easy to install and reconfigure To add or delete a device requires changing only two connections fault isolation is simplified Disadvantages constraints are media and traffic considerations (maximum ring length and number of devices) unidirectional traffic can be a disadvantage a break in the ring can disable the entire network Topology (CO1) 12/23/2025 50 Mini Jain ACSE0602 CN Unit 1 Ring topology Topology (CO1) 12/23/2025 51 Mini Jain ACSE0602 CN Unit 1 LAN A local area network (LAN) is usually privately owned and links the devices in a single office, building, or campus resources can be shared In addition to size, LANs are distinguished from other types of networks by their transmission media and topology Range – up to 2km Technology –	7
182	17	Ethernet and Wi-Fi High Transmission Easy maintenance and less costly. Types of Networks 12/23/2025 52 Mini Jain ACSE0602 CN Unit 1 MAN A metropolitan area network (MAN) is a network. It covers town or a city. It is designed for customers who need a high-speed connectivity, normally to the Internet, and have endpoints spread over a city or part of city Range : 5-50 km Technology – FDDI (fiber distributed data interface), CDDI (copper distributed data interface), ATM (asynchronous transfer mode techniques) Average rate of transmission as the distance increased. Difficult to maintain Can be public or private Costly. Types of Networks (CO1) 12/23/2025 53 Types of Networks (CO1) Mini Jain ACSE0602 CN Unit 1 WAN A wide area network (WAN) provides long-distance transmission of data, image, audi	7
183	18	o, and video information over large geographic areas that may comprise a country, a continent, or even the whole world. Technology: Leased line, dial-up Transmission speed: low Range : above 50 km Public Maintenance : difficult Cost : very high Types of Networks (CO1) Topic Objective To understand the Physical Layer Various transmission medium and Switching methods Recap of previous topic The layered architecture of OSI and TCP/IP model Comparison of both the models 12/23/2025 54 Mini Jain ACSE0602 CN Unit 1 Physical Layer (CO1) Topic Objective To understand the OSI and TCP/IP models Differences between two and the protocols supported Recap of previous topic The basic networking layout and topology were studied Data flow mode supported 12/23/2025 55 Mini Jain ACSE0602 CN Unit 1 OSI & TCP/I	7
184	19	P Models 12/23/2025 56 Mini Jain ACSE0602 CN Unit 1 ISO OSI Reference model Standardization of protocols used in various layers Developed in 1984 revised in 1995 layers based on A layer should be created where a different abstraction is needed Each layer should perform a well-defined function The function of each layer should be according to internationally standardized protocols The layer boundaries should be chosen to minimize the information flow across the interfaces The number of layers should be large enough for necessary functions required and small enough not to become unwieldy OSI reference Model (CO1) 12/23/2025 57 Mini Jain ACSE0602 CN Unit 1 Peer to peer process Interfaces Protocols Header and trailer Encapsulation Seven layers Physical Data link Network Transport Session Prese	7
185	20	ntation Application OSI Architecture (CO1) Physical Layer The transmission and reception of the unstructured raw bit stream over the physical medium (cables, hubs, etc.) Functionalities: 1. Data encoding 2. Physical Medium attachments 3. Transmission technique 4. physical medium transmission bits & volts Associated device in this layer: Hub/Repeater Data format (PDU) in this layer is called as bit 12/23/2025 Mini Jain ACSE0602 CN Unit 1 58 Coordinates the functions required to carry a bit stream over a physical medium Physical characteristics of interfaces and medium Representation of bits Data rate Synchronization of bits Line configuration Physical topology Transmission mode 12/23/2025 Mini Jain ACSE0602 CN Unit 1 59 Physical Layer This layer provides error free transfer of data frames f	7
186	21	rom one node to another over the physical layer It makes decisions based on physical addresses (usually MAC addresses) Functionalities: Frame traffic control, Frame sequencing, Frame error checking  Protocols: Ethernet, PPP/HDLC Associated device in this layer: Switch/Bridge Data format (PDU) in this layer is called as frame 12/23/2025 Mini Jain ACSE0602 CN Unit 1 60 Data Link Layer Transforms the physical layer, a raw transmission facility, to a reliable link Framing Physical addressing Flow control Error control Media Access control 12/23/2025 Mini Jain ACSE0602 CN Unit 1 61 Data Link Layer This layer makes “Best Path Determination” decisions based on logical addresses (usually IP addresses) Functionalities: 1.Routing 2.Network traffic control, 3. Logical (ip)-Physical(mac) address mappi	7
187	22	ng Protocols: IP/IPX Associated device in this layer: Router Data format (PDU) in this layer is called as packet 12/23/2025 Mini Jain ACSE0602 CN Unit 1 62 Network Layer Network Layer - responsible for the source-to-destination delivery of a packet, possibly across multiple networks Logical addressing Routing Path Determination 12/23/2025 Mini Jain ACSE0602 CN Unit 1 63 Network Layer process-to-process delivery of the entire message Service-point addressing Segmentation and reassembly Connection control Flow control Error control Protocols: TCP/UDP/SPX 12/23/2025 Mini Jain ACSE0602 CN Unit 1 64 Transport Layer Error Control Flow Control 12/23/2025 Mini Jain ACSE0602 CN Unit 1 65 Transport Layer 12/23/2025 66 Mini Jain ACSE0602 CN Unit 1 Difference between TCP and UDP Establishes, maintains	7
188	23	, and synchronizes the interaction among communicating systems Dialog control Synchronization Functions: Authentication Authorization Session Management Protocols: RPC/SQL/NFS Data format (PDU) : Formatted Data 12/23/2025 Mini Jain ACSE0602 CN Unit 1 67 Session Layer 12/23/2025 68 Mini Jain ACSE0602 CN Unit 1 This layer presents the data in the required format which may include: encryption/decryption, compression/decompression, encoding/decoding It is a syntax layer which can be viewed as a “translator” for the network Functionalities: data conversion, data compression Protocols: ASCII/JPEG/GIF/EBCDIC/ASN.1 Data format (PDU) in this layer is called as formatted data Presentation Layer concerned with the syntax and semantics of the information exchanged between two systems Translation Encry	7
189	24	ption Compression 12/23/2025 Mini Jain ACSE0602 CN Unit 1 69 Presentation Layer 12/23/2025 70 Mini Jain ACSE0602 CN Unit 1 Enables the user to access the network Network virtual terminal File transfer, access, and management Mail services Directory services Functionalities: Remote file access, resource sharing Protocols: HTTP/FTP/SMTP Data format (PDU - Protocol Data Unit) in this layer is called as user data Application Layer Application layer protocols 12/23/2025 Mini Jain ACSE0602 CN Unit 1 71 Application Layer 12/23/2025 Mini Jain ACSE0602 CN Unit 1 72 OSI Model (CO1) 12/23/2025 73 Mini Jain ACSE0602 CN Unit 1 OSI Model 12/23/2025 74 Mini Jain ACSE0602 CN Unit 1 Basically had 4 layers Host –to-network Internet Transport Application TCP/IP is a hierarchical protocol made up of interacti	7
190	25	ve modules, each of which provides a specific functionality TCP/IP protocol suite contain relatively independent protocols that can be mixed and matched depending on the needs of the system TCP/IP Model 12/23/2025 75 Mini Jain ACSE0602 CN Unit 1 TCP/IP Model (CO1) 12/23/2025 76 Mini Jain ACSE0602 CN Unit 1 OSI TCP/IP Difference between TCP & OSI 12/23/2025 77 Mini Jain ACSE0602 CN Unit 1 OSI TCP/IP Difference between TCP & OSI 12/23/2025 78 Mini Jain ACSE0602 CN Unit 1 This layer is concerned with the transmission and reception of the unstructured raw bit stream over the physical medium (cables, hubs, etc.) Functionalities: Data encoding, Physical Medium attachments, Transmission technique, physical medium transmission bits & volts Addressing Physical addressing Logical addressing Port Add	7
191	26	ress Specific address Associated device in this layer: Hub/Repeater Data format (PDU) in this layer is called as bit Physical Layer 12/23/2025 79 Mini Jain ACSE0602 CN Unit 1 Analog data and digital data Continuous values and discrete values Analog and digital signals Infinite number of values and limited number of values Periodic and non periodic signals Repeat a pattern Data communications uses periodic analog signals Sine wave Peak amplitude Period and Frequency (f=1/t) Phase Wavelength Time and frequency domain Composite signals Bandwidth Physical Layer 12/23/2025 80 Mini Jain ACSE0602 CN Unit 1 Digital-to-analog conversion is the process of changing one of the characteristics of an analog signal based on the information in digital data. Digital data needs to be carried on an analog si	7
192	27	gnal. A carrier signal (frequency fc) performs the function of transporting the digital data in an analog waveform. The analog carrier signal is manipulated to uniquely identify the digital data being carried. Digital to Analog 12/23/2025 81 Mini Jain ACSE0602 CN Unit 1 Digital to Analog Conversion 12/23/2025 82 Mini Jain ACSE0602 CN Unit 1 PERIODIC ANALOG SIGNALS A simple periodic analog signal, a sine wave. A composite periodic analog signal is composed of multiple sine waves. The three parameters: the peak amplitude, the frequency, and the phase Time and Frequency Domains Bandwidth Bitrate Bit length Digital Data 12/23/2025 83 Mini Jain ACSE0602 CN Unit 1 It measure the service quality of network provided by user. Different ways : Design of network and Nature of network. Parameter of Ne	7
193	28	twork performance Bandwidth Latency Jitter Throughput No. of cables No. of Users Network Performance 12/23/2025 84 Mini Jain ACSE0602 CN Unit 1 Signal travel through transmission medium which are not perfect. Imperfection causes signal impairment. What is sent is not what is received. loss of energy (DB) Change in Shape Extra signal of signal (composite signal) not originally sent by the transmitter Transmission Impairment Attenuation Attenuation(dB) = 10log10(P2/P1) -ve, attenuated +ve, amplified If P2= ½ P1, then calculate attenuation: 12/23/2025 Mini Jain ACSE0602 CN Unit 1 85 Transmission Impairment 12/23/2025 Mini Jain ACSE0602 CN Unit 1 86 Transmission Impairment Distortion Occurs in composite signal made of different frequencies. Each one with its own propagation speed, own delay in	7
194	29	arriving destination. Difference in delay create difference in phase. Equalizers are used to stabilize the distortion. 12/23/2025 Mini Jain ACSE0602 CN Unit 1 87 Transmission Impairment Noise 12/23/2025 Mini Jain ACSE0602 CN Unit 1 88 Transmission Impairment 12/23/2025 89 Mini Jain ACSE0602 CN Unit 1 A very important consideration in data communications is how fast we can send data, in bits per second, over a channel. Data rate depends on three factors: 1. The bandwidth available 2. The level of the signals we use 3. The quality of the channel (the level of noise) Noiseless Channel: Nyquist Bit Rate Noisy Channel: Shannon Capacity Using Both Limits: Shannon capacity gives us upper limit, Nyquist capacity gives us he information about how many signals level we need. Data Rate 12/23/2025 Mi	7
195	30	ni Jain ACSE0602 CN Unit 1 90 Nyquist Rate: Bit Rate= 2* Bandwidth * log₂(L) A noiseless channel with bandwidth 3000Hz transmitting signal with 2 levels. Maximum bit rate can be? 2* 3000 * log₂2 = 6000bps Shannon Capacity: Capacity= bandwidth * log₂ (1+SNR) If a channel is extremely noisy, SNR ratio is almost 0. Channel capacity = B log₂ (1+0) =B * 0 =0 Capacity is 0 regardless of Bandwidth. Data Rate 12/23/2025 91 Mini Jain ACSE0602 CN Unit 1 Digital signals 0 and 1 For no. of levels (L) require log2 L bits Bit rate – no. of bits send per second(bps) Bit length Transmitted by Baseband transmission Broadband transmission (using modulation) Physical Layer 12/23/2025 92 Mini Jain ACSE0602 CN Unit 1 Data rate limit The bandwidth available The levels of signals that we use The quality of chann	7
196	31	el To calculate data rate Nyquist for noiseless channel Shannon for noisy channel Performance Bandwidth In hertz and bits per second Throughput Latency Propagation time + transmission time +queuing time + processing time Jitter Physical Layer 12/23/2025 93 Mini Jain ACSE0602 CN Unit 1 Conversion from digital to analog ASK FSK PSK QAM Bandwidth utilization Multiplexing Spreading three basic multiplexing techniques: frequency-division multiplexing, wavelength-division multiplexing, time-division multiplexing Physical Layer 12/23/2025 Mini Jain ACSE0602 CN Unit 1 94 Encoding 12/23/2025 Mini Jain ACSE0602 CN Unit 1 95 POLAR NRZ Encoding A way in which data is transmitted from one place to another or from sender to receiver. First the message is converted into binary digits. Then these digits a	7
197	32	re encoded into signals that can be transmitted over appropriate medium. 12/23/2025 Mini Jain ACSE0602 CN Unit 1 96 Transmission media 12/23/2025 97 Mini Jain ACSE0602 CN Unit 1 Transmission media 12/23/2025 98 Mini Jain ACSE0602 CN Unit 1 Guided media, which are those that provide a conduit from one device to another Twisted-Pair Cable Coaxial Cable Fiber-Optic Cable Transmission media- guided 12/23/2025 99 Mini Jain ACSE0602 CN Unit 1 Twisted Pair cable Transmission media- guided Twisted Pair cable Only one carries the actual signal and another is for ground reference. Helpful in reducing noise and crosstalk. Used in telephone lines to provide voice and data channels. They are flexible, light in weight and easy to install. Two Types: Unshielded Twisted Pair (UTP) Shielded Twisted Pair (S	7
198	33	TP) 12/23/2025 Mini Jain ACSE0602 CN Unit 1 100 Transmission media- guided 12/23/2025 101 Mini Jain ACSE0602 CN Unit 1 Coaxial Cable Copper Cables with better shielding than twisted pair. Signal may travel longer distances at higher speeds. (faster than twisted pair) Minimize electrical and radio frequency interference. (less noise) Primarily used by cable television industry and also used for networks like Ethernet. It has two copper wires. Inner one is enclosed in insulating sheath. Outer one is wrapped around to protect it from external electromagnetic interference (noise). All of this covered by plastic cover to protect inner layers from physical damage. Transmission media- guided 12/23/2025 102 Mini Jain ACSE0602 CN Unit 1 Fiber Optic Cable based on Transmission media- guided 12/23/20	7
199	34	25 103 Mini Jain ACSE0602 CN Unit 1 Fiber optic Cable Transmission media- guided Fibre Optic Cable High quality thin glass or plastic used to transfer digital signals in the form of light. Up to thousands of miles. Not affected by electromagnetic interference. Very less Noise and distortion. Provide high bandwidth over long distance Carry signals using pulses of light generated by small lasers or LEDs. Cladding reflects light inwards to avoid loss of signals. 12/23/2025 Mini Jain ACSE0602 CN Unit 1 104 Transmission media- guided Wireless (Unguided) Transmission Media Wave- Transfer of energy usually through a medium. Electromagnetic Wave – Travel without any medium.(EM Waves) EM Waves can travel across vacuum space. Little part of EM Waves can be used for wireless transmission. Frequency i	7
200	35	n inversely proportional to wavelength. Data transmission rate is directly proportional to frequency. 12/23/2025 Mini Jain ACSE0602 CN Unit 1 105 Transmission media- unguided Wavelength = Propagation speed/frequency Phase or Phase shift – relative position of waveform relative to time 0. 12/23/2025 Mini Jain ACSE0602 CN Unit 1 106 Transmission media- unguided 12/23/2025 107 Mini Jain ACSE0602 CN Unit 1 Unguided media transport electromagnetic waves without using a physical conductor. This type of communication is often referred to as wireless communication. Transmission media- unguided 12/23/2025 108 Mini Jain ACSE0602 CN Unit 1 Propagation modes Transmission media- unguided 12/23/2025 109 Mini Jain ACSE0602 CN Unit 1 Transmission media- unguided 12/23/2025 110 Mini Jain ACSE0602 CN Unit 1	7
201	36	Wireless communication Radio waves are used for multicast communications, such as radio and television, and paging systems. They can penetrate through walls. Highly regulated. Use omni directional antennas Transmission media- unguided 12/23/2025 111 Mini Jain ACSE0602 CN Unit 1 Wireless communication Microwaves are used for unicast communication such as cellular telephones, satellite networks, and wireless LANs. Higher frequency ranges cannot penetrate walls. Use directional antennas - point to point line of sight communications. Transmission media- unguided 12/23/2025 112 Mini Jain ACSE0602 CN Unit 1 Wireless communications Infrared signals can be used for short-range communication in a closed area using line-of-sight propagation. Disadvantages of wireless channels Are subject to a lot m	7
202	37	ore errors than guided media channels. Interference is one cause for errors, can be circumvented with high SNR. The higher the SNR the less capacity is available for transmission due to the broadcast nature of the channel. Channel also subject to fading and no coverage holes. Transmission media- unguided 12/23/2025 113 Mini Jain ACSE0602 CN Unit 1 Switching Methods 12/23/2025 114 Mini Jain ACSE0602 CN Unit 1 Circuit switched consists of a set of switches connected by physical links. A connection between two stations is a dedicated path made of one or more links. Each connection uses only one dedicated channel on each link. Each link is normally divided into n channels by using FDM or TDM. Switching Methods 12/23/2025 115 Mini Jain ACSE0602 CN Unit 1 Delay in Circuit switched Switching Meth	7
203	38	ods 12/23/2025 116 Mini Jain ACSE0602 CN Unit 1 Delay in datagram network Switching Methods 12/23/2025 117 Mini Jain ACSE0602 CN Unit 1 Packet switched send messages from one end system to another. If the message is going to pass through a packet-switched network, it needs to be divided into packets of fixed or variable size. The size of the packet is determined by the network and the governing protocol. In a packet-switched network, there is no resource reservation; resources are allocated on demand. Switching Methods 12/23/2025 118 Mini Jain ACSE0602 CN Unit 1 Packet switched – Datagram network Switching Methods 12/23/2025 119 Mini Jain ACSE0602 CN Unit 1 Packet Switched – Datagram Network Routing table A switch in a datagram network uses a routing table that is based on the destination	7
204	39	address. The destination address in the header of a packet in a datagram network remains the same during the entire journey of the packet. Switching Methods 12/23/2025 120 Mini Jain ACSE0602 CN Unit 1 Packet Switched - Virtual-circuit network a cross between a circuit-switched network and a datagram network. It has some characteristics of both. all packets belonging to the same source and destination travel the same path; but the packets may arrive at the destination with different delays if resource allocation is on demand. Switching Methods 12/23/2025 121 Mini Jain ACSE0602 CN Unit 1 Packet Switched - Virtual-circuit network Switching Methods 12/23/2025 122 Mini Jain ACSE0602 CN Unit 1 Packet Switched - Virtual-circuit network Switching Methods 12/23/2025 123 Mini Jain ACSE0602 CN Unit 1	7
205	40	Packet Switched - Virtual-circuit network Switching Methods 12/23/2025 124 Mini Jain ACSE0602 CN Unit 1 Delay in virtual circuit Switching Methods Multiplexing is a technique used to combine and send the multiple data streams over a single medium. The process of combining the data streams is known as multiplexing and hardware used for multiplexing is known as a multiplexer. Multiplexing is achieved by using a device called Multiplexer (MUX) that combines n input lines to generate a single output line. Multiplexing follows many-to-one, i.e., n input lines and one output line. Demultiplexing is achieved by using a device called Demultiplexer (DEMUX) available at the receiving end. DEMUX separates a signal into its component signals (one input and n outputs). 12/23/2025 Mini Jain ACSE0602 CN	7
206	41	Unit 1 125 Multiplexing Multiplexing techniques can be classified as: 12/23/2025 Mini Jain ACSE0602 CN Unit 1 126 Multiplexing 12/23/2025 Mini Jain ACSE0602 CN Unit 1 127 Frequency-division Multiplexing (FDM) It is an analog technique. Frequency Division Multiplexing is a technique in which the available bandwidth of a single transmission medium is subdivided into several channels. In the above diagram, a single transmission medium is subdivided into several frequency channels, and each frequency channel is given to different devices. Device 1 has a frequency channel of range from 1 to 5. FDM is mainly used in radio broadcasts and TV networks. Multiplexing 12/23/2025 Mini Jain ACSE0602 CN Unit 1 128 Wavelength Division Multiplexing (WDM) Wavelength Division Multiplexing is same as FDM exc	7
207	42	ept that the optical signals are transmitted through the fibre optic cable. WDM is used on fibre optics to increase the capacity of a single fibre. It is used to utilize the high data rate capability of fibre optic cable. It is an analog multiplexing technique. Multiplexing 12/23/2025 Mini Jain ACSE0602 CN Unit 1 129 Time Division Multiplexing (TDM) It is a digital technique. In Frequency Division Multiplexing Technique, all signals operate at the same time with different frequency, but in case of Time Division Multiplexing technique, all signals operate at the same frequency with different time. In Time Division Multiplexing technique, the total time available in the channel is distributed among different users. Therefore, each user is allocated with different time interval known as a Tim	7
208	43	e slot at which data is to be transmitted by the sender. There are two types of TDM: Synchronous TDM Asynchronous TDM Multiplexing 12/23/2025 130 Mini Jain ACSE0602 CN Unit 1 IEEE Standards 12/23/2025 131 Mini Jain ACSE0602 CN Unit 1 IEEE Standards A communication between a computer and a keyboard depicts full duplex transmission half duplex transmission simplex transmission Both A and B _________ model is a protocol based model OSI IEEE TCP/IP All of the above 12/23/2025 132 Mini Jain ACSE0602 CN Unit 1 MCQs Computer Network can be defined as Multiple devices interconnected with a communication channel Collection of hardware components and computers Sharing of resources and information All of the above The information to be communicated in the data communication system is the Message Medi	7
209	44	um Protocol Transmission 12/23/2025 133 Mini Jain ACSE0602 CN Unit 1 MCQs The Full form of ANSI is American Notation for standard international American national standardization Institute American notion standards Institute American national Standards Institute The oldest and the still most commonly used transmission media is Twisted pair cable Coaxial cable Fiber optic WiFi 12/23/2025 134 Mini Jain ACSE0602 CN Unit 1 MCQs The example of guided media is Twisted pair cable Coaxial cable Fiber optic cable All of the above Effectiveness of a data communication depends on Timeliness Delivery Accuracy All of the above 12/23/2025 135 Mini Jain ACSE0602 CN Unit 1 MCQs ___________ are used for unicast communication such as cellular telephones, satellite networks One long cable acts as a backbone t	7
210	45	o link all the devices in a _____Topology A computer network is an interconnection of two or more computers that are able to _____ _______ _______ _______ is a physical path by which message transmits _______a set of rules that govern data communications the number of physical links in a fully connected mesh network with n nodes = ______ The devices are connected through a _____ in star topology LANs are distinguished from other types of networks by their ______ and _________ 12/23/2025 136 Mini Jain ACSE0602 CN Unit 1 Glossary 1. Compare and contrast the ISO OSI model with TCP/IP model. CO1 2. Give advantages and disadvantages of fiber optic cable over metallic cable. Explain the use and design of latest technology used for transmission. CO1 3. A device is sending out data at the rate of	7
211	46	2000 bps. How long does it take to send out 100 bits? CO1 4. If you have to set up a lab of 50 computers, which topology will you use and why? CO1 5. Differentiate between connection oriented and connectionless communication. CO1 12/23/2025 137 Mini Jain ACSE0602 CN Unit 1 Weekly Assignment 6. List some applications of networking. CO1 7. Discuss the design issues for the layers in computer Networks.CO1 8. We modulate several voice signals and send them through the air. Is this baseband or broadband transmission. CO1 9. A periodic composite signal contains frequencies from 20 to 30 kHz, each with an amplitude of 8V. Draw the frequency spectrum. CO1 10. A signal travels from point A to point B. At point A, the signal power is 200 W. At point B, the power is 170 W. What is the attenuation in	7
212	47	decibels? CO1 12/23/2025 138 Mini Jain ACSE0602 CN Unit 1 Weekly Assignment Youtube/other Video Links https://www.youtube.com/watch?v=lnU-Zw3NEEQ https://www.youtube.com/watch?v=kNKHM_isojI https://www.youtube.com/watch?v=vv4y_uOneC0 12/23/2025 139 Mini Jain ACSE0602 CN Unit 1 Video Link 18-19 https://drive.google.com/open?id=17OUMNnX0kFDc9UB8tx8qd8zyEj7lCD5P 17-18 https://drive.google.com/open?id=1oFmw__qC7wdUP85gUkKbkohZvd9Vopm_ 16-17 https://drive.google.com/open?id=1eDrOkj2wVsxdTZPb7-A78YuYn16HC1ob 15-16 https://drive.google.com/open?id=1ljNxmZP1_pl10rbxJvK6xB1ybG7AMuqU 14-15 https://drive.google.com/open?id=1tjERKPwEA9icWcQTBZQnKUq_ttqBDeo5 12/23/2025 140 Mini Jain ACSE0602 CN Unit 1 Old Questions Paper 12/23/2025 141 Mini Jain ACSE0602 CN Unit 1 Question Paper of University Exam 12/2	7
213	48	3/2025 142 Mini Jain ACSE0602 CN Unit 1 Question Paper of University Exam 12/23/2025 143 Mini Jain ACSE0602 CN Unit 1 Question Paper of University Exam 12/23/2025 144 Mini Jain ACSE0602 CN Unit 1 Expecd Questions papers Write the function of physical layer of ISO-OSI reference model.CO1 What is a protocol? CO1 List some applications of networking. CO1 Explain different transmission media used for networking? CO1 What are the goals of networking? CO1 Explain the difference between OSI and TCP/IP model. CO1 Define topology with advantage and disadvantage. CO1 12/23/2025 145 Mini Jain ACSE0602 CN Unit 1 Expected Questions 12/23/2025 146 Syllabus Mini Jain ACSE0602 CN Unit 1 12/23/2025 147 Mini Jain ACSE0602 CN Unit 1 Understanding of Network structure and Architecture. The layout of OSI refer	7
214	49	ence model and TCP/IP model. Various Network Topology Design used . The different Networking. Physical Layer and types of Transmission Media. Overview of ISDN and Terminal Handling. Summary 12/23/2025 148 Thank You Mini Jain ACSE0602 CN Unit 1	7
\.


--
-- TOC entry 4931 (class 0 OID 16408)
-- Dependencies: 218
-- Data for Name: question; Type: TABLE DATA; Schema: public; Owner: postgres
--

COPY public.question (id, correct_answer, optiona, optionb, optionc, optiond, question, quiz_id) FROM stdin;
1	Java concept A 1	Java concept A 1	Java concept B 1	Java concept C 1	Java concept D 1	What is a core concept of Java? (Q1)	1
2	Java concept A 2	Java concept A 2	Java concept B 2	Java concept C 2	Java concept D 2	What is a core concept of Java? (Q2)	1
3	Java concept A 3	Java concept A 3	Java concept B 3	Java concept C 3	Java concept D 3	What is a core concept of Java? (Q3)	1
4	Java concept A 4	Java concept A 4	Java concept B 4	Java concept C 4	Java concept D 4	What is a core concept of Java? (Q4)	1
5	Java concept A 5	Java concept A 5	Java concept B 5	Java concept C 5	Java concept D 5	What is a core concept of Java? (Q5)	1
6	class	class	Class	myClass	obj	Which keyword is used to declare a class in Java?	43
7	main()	start()	run()	main()	execute()	Which method is the entry point for any Java application?	43
8	int	String	Array	int	Object	Which of the following is a primitive data type in Java?	43
9	System.out.println("Hello World");	console.log("Hello World");	print("Hello World");	System.out.println("Hello World");	cout << "Hello World";	How do you output "Hello World" in Java?	43
10	//	#	//	/*	<!--	Which symbol is used for a single-line comment in Java?	43
13	C	To define a new class	To declare variables	The entry point for the program execution	To handle exceptions	What is the primary purpose of the `main` method in a Java application?	47
14	B	const	final	static	immutable	Which keyword is used to declare a constant in Java?	47
15	B	String	char	int	boolean	Which data type is used to store a single character in Java?	47
16	B	105Java	15Java	Java105	Error	What is the output of `System.out.println(10 + 5 + "Java");`?	47
17	B	=	==	!=	===	Which operator is used for equality comparison in Java?	47
18	Melting	Evaporation	Freezing	Melting	Condensation	What is the process called when a solid turns into a liquid?	48
19	Gravity	Friction	Tension	Gravity	Magnetism	Which force pulls objects towards the center of the Earth?	48
20	Potential energy	Kinetic energy	Electrical energy	Sound energy	Potential energy	What type of energy is stored in an object due to its position or state?	48
21	Refraction	Reflection	Refraction	Diffraction	Absorption	What do we call the bending of light as it passes from one medium to another (e.g., air to water)?	48
22	Copper	Wood	Plastic	Copper	Glass	Which of the following is a good conductor of electricity?	48
23	B	500 J	433 J	250 J	1000 J	A 20 kg box is pulled horizontally across a frictionless floor by a rope that makes an angle of 30 degrees above the horizontal. If the tension in the rope is 50 N, how much work is done in pulling the box 10 meters?	49
24	A	6 Watts	24 Watts	0.0416 Watts	12 Watts	A 12-Volt battery is connected to a circuit containing a single resistor. If the current flowing through the resistor is 0.5 Amps, what is the power dissipated by the resistor?	49
25	B	Real, inverted, magnified	Real, inverted, same size	Virtual, upright, diminished	Virtual, upright, magnified	An object is placed at a distance of 2F from a converging lens with focal length F. What kind of image is formed?	49
26	B	49 N	24.5 N	42.4 N	10 N	A 5 kg block rests on a frictionless inclined plane that makes an angle of 30 degrees with the horizontal. What is the magnitude of the component of the gravitational force acting parallel to the incline? (Use g = 9.8 m/s^2)	49
27	B	2 meters	0.5 meters	231200 meters	1 meter	A sound wave has a frequency of 680 Hz and travels through air at a speed of 340 m/s. What is its wavelength?	49
28	B	9.9 m/s	14 m/s	19.8 m/s	4.9 m/s	A 2 kg ball is dropped from a height of 10 meters. Ignoring air resistance, what is its speed just before it hits the ground? (Assume g = 9.8 m/s²)	50
29	A	60 W	240 W	0.004 W	120.5 W	A household light bulb draws a current of 0.5 A when connected to a 120 V power source. What is the power consumed by the light bulb?	50
30	B	2 m	0.5 m	231200 m	340 m	A sound wave travels through a medium at a speed of 340 m/s. If its frequency is 680 Hz, what is its wavelength?	50
31	A	3 m/s² to the right	4 m/s² to the right	5 m/s² to the left	15 m/s² to the right	A 5 kg object is subjected to two forces: F1 = 20 N to the right and F2 = 5 N to the left. What is the acceleration of the object?	50
32	C	8372 J	41860 J	83720 J	167440 J	How much heat energy is required to raise the temperature of 2 kg of water from 20°C to 30°C? (Specific heat capacity of water = 4186 J/kg°C)	50
33	optionB	10 m/s^2	4 m/s^2	0.25 m/s^2	25 m/s^2	A 5 kg block rests on a frictionless horizontal surface. If a horizontal force of 20 N is applied to the block, what is its acceleration?	51
34	optionB	20 W	50 W	80 W	200 W	A person lifts a 10 kg object vertically by 2 meters in 4 seconds. What is the average power exerted? (Assume g = 10 m/s^2)	51
35	optionA	0.5 m	2 m	231200 m	680 m	A sound wave travels through air at a speed of 340 m/s. If its frequency is 680 Hz, what is its wavelength?	51
36	optionA	1 A	2 A	0.5 A	10 A	Three resistors with resistances 2 Ω, 3 Ω, and 5 Ω are connected in series to a 10 V battery. What is the total current flowing through the circuit?	51
37	optionB	8400 J	252000 J	126000 J	420000 J	How much heat energy is required to raise the temperature of 2 kg of water from 20°C to 50°C? (Specific heat capacity of water = 4200 J/kg°C)	51
38	optionC	Electrons are emitted, but with very low kinetic energy.	Electrons are emitted, but only if the intensity of light is very high.	No electrons are emitted, regardless of the light intensity.	The metal becomes positively charged.	In the photoelectric effect, if the frequency of incident light is below the threshold frequency for a metal, what happens?	51
39	optionD	50 Pa	500 Pa	5000 Pa	50000 Pa	What is the gauge pressure at a depth of 5 meters in water? (Density of water = 1000 kg/m^3, g = 10 m/s^2)	51
40	optionB	10 cm behind the lens	20 cm behind the lens	5 cm in front of the lens	At infinity	An object is placed 20 cm in front of a converging lens with a focal length of 10 cm. Where will the image be formed?	51
41	optionB	0.628 s	1.256 s	2.0 s	0.4 s	A simple pendulum has a length of 0.4 meters. What is its period of oscillation? (Assume g = 10 m/s^2, π ≈ 3.14)	51
42	optionB	It becomes half.	It becomes one-fourth.	It doubles.	It quadruples.	If the distance between two objects with masses M and m is doubled, how does the gravitational force between them change?	51
43	88.9%	11.1%	44.4%	88.9%	66.7%	What is the approximate percentage by mass of oxygen in water (H2O)? (Atomic masses: H=1, O=16)	52
44	pH 12	pH 2	pH 7	pH 12	pH 14	Which of the following describes the pH of a 0.01 M solution of sodium hydroxide (NaOH)?	52
45	Tetrahedral	Linear	Trigonal planar	Tetrahedral	Bent	What is the molecular geometry of methane (CH4) according to VSEPR theory?	52
46	Carboxylic acid	Amine	Ester	Ketone	Carboxylic acid	Which functional group is characterized by a carbon atom double-bonded to an oxygen atom and single-bonded to a hydroxyl group (-OH)?	52
47	Collisions between particles are perfectly elastic.	Its particles have significant volume.	Its particles attract each other strongly.	Collisions between particles are perfectly elastic.	It condenses into a liquid at low temperatures.	Which of the following statements is true regarding an ideal gas?	52
48	Na	Na	Cl2	NaCl	None of the above	In the reaction: 2Na(s) + Cl2(g) -> 2NaCl(s), which species is oxidized?	52
49	Adding a catalyst	Decreasing temperature	Decreasing reactant concentration	Adding a catalyst	Increasing product concentration	Which factor would generally increase the rate of a chemical reaction?	52
50	D	Time Division Multiple Access (TDMA)	Frequency Division Multiple Access (FDMA)	Code Division Multiple Access (CDMA)	Random Access Protocol	What type of network access method is ALOHA?	53
51	C	Stanford University	MIT	University of Hawaii	Bell Labs	Where was the ALOHA protocol first developed?	53
52	C	The data is perfectly combined and received.	Only one signal is received, the other is lost.	A collision occurs, and both transmissions are corrupted.	The network automatically assigns a new frequency.	In ALOHA, what happens if two stations transmit at the same time?	53
53	C	Wait for a central controller to grant permission.	Transmit only during an assigned time slot.	Transmit whenever it has data ready.	Check if the channel is idle before transmitting.	What is the primary rule for a station wanting to transmit data in Pure ALOHA?	53
54	C	To guarantee real-time data delivery.	To provide secure communication between two points.	To allow multiple users to share a single communication channel.	To optimize data compression for network efficiency.	What is the main purpose of the ALOHA protocol?	53
55	B	Canada	China	Chile	Colombia	What country does the internet country code top-level domain (ccTLD) ".cn" represent?	54
56	C	Europe	North America	Asia	Africa	On which continent is China, represented by the country code 'cn', primarily located?	54
57	B	Shanghai	Beijing	Hong Kong	Guangzhou	What is the capital city of China ('cn')?	54
58	C	Cantonese	English	Mandarin Chinese	Japanese	Which of the following is the official language spoken in mainland China ('cn')?	54
59	C	The Pyramids of Giza	The Colosseum	The Great Wall of China	Machu Picchu	Which famous historical structure, visible from space, is primarily located in China ('cn')?	54
60	Stack	Queue	Stack	Linked List	Array	Which data structure follows the Last-In, First-Out (LIFO) principle?	56
61	Faster random access	Dynamic size	Contiguous memory allocation	Faster random access	Easier insertions/deletions	What is the primary advantage of an Array over a Linked List when it comes to element access?	56
62	Enqueue	Pop	Push	Enqueue	Dequeue	Which operation is used to add an element to the rear (end) of a Queue?	56
63	The worst-case time or space complexity of an algorithm	The exact execution time of an algorithm	The worst-case time or space complexity of an algorithm	The best-case scenario for an algorithm's performance	The average execution time of an algorithm	What does Big O notation primarily describe in the context of algorithms?	56
64	next	first	previous	random	next	A Linked List is a collection of nodes where each node contains data and a reference (or pointer) to the ______ node.	56
65	C	Tree	Graph	Array	Hash Table	Which of the following data structures stores elements in a sequential order, where each element is directly accessible by its index?	57
66	B	FIFO (First In, First Out)	LIFO (Last In, First Out)	LILO (Last In, Last Out)	FICO (First In, Current Out)	What principle does a Stack data structure follow for adding and removing elements?	57
67	C	O(n)	O(log n)	O(1)	O(n^2)	What is the Big O time complexity for accessing an element at a specific index in a dynamic array (like ArrayList in Java or list in Python)?	57
68	B	Mumbai	New Delhi	Kolkata	Chennai	What is the capital city of India?	58
69	D	Gateway of India	Qutub Minar	Red Fort	Taj Mahal	Which famous monument in India is known as one of the New7Wonders of the World and is a symbol of love?	58
70	B	Yuan	Rupee	Dollar	Euro	What is the currency of India?	58
71	C	Elephant	Lion	Bengal Tiger	Peacock	Which animal is the national animal of India?	58
72	C	Europe	Africa	Asia	South America	India is located on which continent?	58
73	B	To design computer hardware	To manage computer hardware and software resources	To create spreadsheets	To connect to the internet only	What is the primary function of an Operating System?	59
74	C	Microsoft Word	Google Chrome	Windows 10	Adobe Photoshop	Which of the following is an example of an Operating System?	59
75	C	Application	Driver	Kernel	Utility	The component of an Operating System responsible for managing the computer's core resources (CPU, memory, devices) is often called the:	59
76	C	General User Interface	Graphical Utility Information	Graphical User Interface	General Utility Interface	What does GUI stand for in the context of Operating Systems?	59
77	C	A simple calculator	A basic toaster	A desktop computer	A mechanical pencil sharpener	Which of these devices most commonly runs an operating system?	59
78	C	Inheritance	Polymorphism	Encapsulation	Abstraction	Which OOP principle is best demonstrated by declaring class fields as private and providing public getter/setter methods to manipulate those fields?	60
79	B	Method Overloading	Method Overriding	Method Hiding	Method Abstraction	A superclass method is redefined in its subclass to provide a specific implementation. This concept is known as:	60
80	B	To define a contract that subclasses must implement fully without any default implementation.	To provide a common base class for related objects, allowing some methods to be implemented and others to be declared abstract.	To prevent direct instantiation of a class and ensure all fields are private.	To enable multiple inheritance of implementation for behavior.	Which statement best describes the primary purpose of an abstract class in object-oriented programming?	60
81	C	Class `Dog` can directly access private members of Class `Animal`.	Class `Animal` can access public members of Class `Dog`.	Class `Dog` 'is-a' type of Class `Animal`.	Class `Dog` cannot override any methods from Class `Animal`.	In a typical OOP language, if Class `Dog` extends Class `Animal`, which of the following is generally true?	60
82	C	It can have constructors and fully implemented methods.	It can contain both abstract and concrete (implemented) methods.	It primarily defines a contract of behavior without providing implementation details for its methods (before default/static methods in newer versions).	It supports multiple inheritance of implementation, allowing classes to inherit code from multiple interfaces.	What is a key characteristic of an interface in many OOP languages (e.g., Java, C#) regarding method implementation?	60
83	B	The superclass version, due to compile-time binding.	The subclass version, due to runtime polymorphism (dynamic method dispatch).	A compile-time error will occur as the reference type does not match the object type.	It depends on whether the method is declared 'final' in the superclass.	Consider a scenario where a superclass reference variable holds an object of a subclass. When an overridden method is called using this reference, which version of the method will execute?	60
84	C	private	public	protected	default (package-private)	Which access modifier in languages like Java or C# restricts member access to within the declaring class and its subclasses (regardless of package/assembly)?	60
85	B	To destroy an object when it's no longer needed, freeing up memory.	To create a new instance of a class and initialize its state.	To define the behavior or actions an object can perform.	To enable access to private members of a class from outside.	What is the primary role of a constructor in a class?	60
86	C	Inheritance	Aggregation	Composition	Association	In OOP, which type of 'has-a' relationship describes a strong dependency where the contained object cannot exist independently of the container object (e.g., a 'House' and its 'Rooms')?	60
87	C	Increased code reusability through inheritance and polymorphism.	Improved modularity and maintainability of the codebase.	Automatic parallel execution of code across multiple processors.	Enhanced flexibility and extensibility for future changes.	Which of the following is NOT generally considered a direct benefit of applying OOP principles in software design?	60
88	B	Delhi Institute of Engineering & Technology	Noida Institute of Engineering & Technology	Noida College of Technology	Greater Noida Institute	Which institute is conducting the Advanced Java Programming Workshop?	61
89	C	Java Fundamentals Workshop	Basic Java Workshop	Advanced Java Programming Workshop	Java Web Development Workshop	What is the specific name of the workshop mentioned in the schedule?	61
90	B	April 2, 2025	April 2, 2026	March 2, 2026	May 2, 2026	On what date are the Session Tracking and JSP topics scheduled for the workshop?	61
91	C	Only Cookies and URL Rewriting	Only HTTP Session	Using cookies, URL rewriting, and HTTP Session	Local Storage and Session Storage	According to the schedule, which methods are covered under Session Tracking?	61
92	C	JSP Scriptlet Tag	JSP expression Tag	JSP Custom Tag	JSP declaration Tag	Which of the following JSP tags is NOT explicitly mentioned in the scheduled topics for JSP?	61
93	Product Builder	Financial Advisor	Marketing Consultant	Product Builder	Human Resources Provider	What is the primary role JTG plays for various US, UK & India-based startups?	62
94	12 months	6 months	9 months	12 months	18 months	What is the specified duration for the Front End Developer Internship?	62
95	Writing unit tests for developed components	Managing financial accounts	Writing unit tests for developed components	Developing server-side APIs exclusively	Designing physical product prototypes	Which of the following is a stated responsibility for the Front End Developer role?	62
96	HTML5	Python	Golang	HTML5	Java	Which of these front-end technologies is explicitly listed as a required strong skill-set?	62
97	Pod.AI	JobConnect	TalentFlow	Pod.AI	SkillMatch	What is the name of JTG's own software product in the recruitment & assessment industry?	62
98	optionB	Physical Addressing	Logical Addressing	MAC Addressing	Hardware Addressing	What type of addressing does the network layer perform in the OSI model?	63
99	optionC	Internetworking	Logical Addressing	Routing	Error Control	Which network layer function is responsible for determining the most effective route for data transmission in the network?	63
100	optionC	Nearest router	Switch	Destination	Gateway	The primary objective of the Network Layer is to get packets from the source all the way to the:	63
101	optionC	Neighboring	Intermediate	Destination	Local	Logical addressing, a function of the Network Layer, is used to distinguish between the source and _______ system.	63
102	optionC	The MAC addresses of all devices	The physical addressing scheme	The topology of the communication subnet	The application layer protocols in use	What must the Network Layer know about the communication subnet to choose appropriate paths?	63
103	Assistant Professor	Student	Assistant Professor	Head of Department	Research Associate	What is Sanjay Nayak's professional title?	64
104	Computer Science Engineering (CSE)	Electronics and Communication Engineering	Information Technology	Computer Science Engineering (CSE)	Mechanical Engineering	Which department does Sanjay Nayak work in?	64
105	Institute of Engineering and Technology, Agra	A.K.G. Engineering college, Ghaziabad	Noida Institute of Engineering and Technology	Institute of Engineering and Technology, Agra	Delhi Technological University	From which institute did Sanjay Nayak receive his B.Tech degree?	64
106	VLSI design	Computer Networks	VLSI design	Artificial Intelligence	Data Science	What is Sanjay Nayak's M.Tech degree specialization?	64
107	5 years	Less than 1 year	3 years	5 years	10 years	How many years of teaching experience does Sanjay Nayak have?	64
108	optionB	Football	Cricket	Basketball	Tennis	What sport is Ibrar Ahmed primarily known for?	65
109	optionC	India	Bangladesh	Pakistan	Sri Lanka	What country does Ibrar Ahmed represent in international sports?	65
110	optionB	He plays with one hand.	He is visually impaired.	He plays from a wheelchair.	He is deaf.	What unique characteristic is Ibrar Ahmed known for in his cricketing career?	65
111	optionD	Test Cricket	One Day Internationals (ODI)	T20 Internationals	Blind Cricket	In which specific category of cricket has Ibrar Ahmed achieved significant recognition?	65
112	optionC	Wicketkeeper	Batsman	Bowler	All-rounder	What is Ibrar Ahmed's primary role or skill on the cricket field?	65
113	ACSE602	ACSE601	ACSE602	ACSE603	ACSE604	What is the course code for the syllabus topic?	66
114	Sanjay Nayak	Kurose and Ross	Peterson and Davie	Sanjay Nayak	William Stallings	Who is the instructor listed for the syllabus entry?	66
115	UNIT 3	UNIT 1	UNIT 2	UNIT 3	UNIT 4	Which unit number is associated with this syllabus entry?	66
116	Behrouz Forouzan, “Data Communication and Networking”	Kurose and Ross, “Computer Networking- A Top-Down Approach”	Peterson and Davie, “Computer Networks: A Systems Approach”	Behrouz Forouzan, “Data Communication and Networking”	None of the above	Which of the following books is listed as a Text book?	66
117	4/18/2026	4/18/2025	4/18/2026	5/18/2026	4/19/2026	What is the date mentioned for the syllabus entry?	66
118	B	[0, 2, 4, 6, 8]	[0, 4, 8]	[0, 2, 4]	[0, 2, 6]	What will be the output of the following Python code?\n`print([i*2 for i in range(5) if i % 2 == 0])`	67
119	B	To create new instances of a class.	To modify the behavior of a function or method without permanently altering its source code.	To define an abstract base class.	To handle exceptions in a block of code.	Which of the following best describes the primary purpose of a Python decorator?	67
120	C	`yield` allows the function to return multiple values simultaneously.	`yield` makes the function an asynchronous coroutine.	`yield` creates a generator, allowing the function to pause and resume execution, saving memory for large sequences.	`yield` is used to define an infinite loop within a function.	What is the primary advantage of using `yield` in a Python function instead of `return`?	67
121	B	`*args` collects keyword arguments, and `**kwargs` collects positional arguments.	`*args` collects positional arguments as a tuple, and `**kwargs` collects keyword arguments as a dictionary.	Both `*args` and `**kwargs` collect positional arguments, but `**kwargs` allows for more flexibility.	`*args` and `**kwargs` are required parameters for every function definition.	Consider the following Python function definition:\n`def my_function(arg1, *args, **kwargs): pass`\nWhich of the following statements is true regarding `*args` and `**kwargs`?	67
122	C	To call the `__init__` method of the child class itself.	To explicitly prevent the parent class's `__init__` method from being called.	To call the `__init__` method of the parent class, ensuring proper initialization of inherited attributes.	To create a new instance of the child class.	What is the purpose of `super().__init__()` in a child class's `__init__` method in Python?	67
123	B	Only if an exception occurs in the `try` block.	Only if no exception occurs in the `try` block.	Always, regardless of whether an exception occurred or not.	Only if a specific exception is caught by an `except` block.	In a `try-except-else-finally` block, when does the `else` block execute?	67
124	C	They can contain multiple expressions and statements.	They are defined using the `def` keyword.	They are anonymous functions that can only contain a single expression.	They are primarily used for defining class methods.	Which of the following is true about Python `lambda` functions?	67
125	B	It automatically converts the file content into a list.	It ensures that the resource (like a file) is automatically closed or released, even if errors occur.	It allows for reading from and writing to the file simultaneously.	It prevents any exceptions from being raised during file operations.	What is the primary benefit of using a `with` statement with a context manager (e.g., `with open('file.txt', 'r') as f:`)?	67
126	Stack	Queue	Stack	Array	Linked List	Which data structure follows the LIFO (Last In, First Out) principle?	73
127	Enqueue	Pop	Dequeue	Enqueue	Push	In a Queue data structure, which operation is used to add an element?	73
128	Elements are stored in contiguous memory locations	Elements are stored randomly	Elements are stored in non-contiguous memory locations	Elements are stored in contiguous memory locations	Elements can only be accessed sequentially	What is the primary characteristic of an array?	73
129	Null (or None)	The first node	An arbitrary memory address	Null (or None)	Itself	A Linked List consists of a sequence of nodes, where each node contains data and a reference (or link) to the next node. What does the last node's reference typically point to?	73
130	The worst-case running time complexity (growth rate) of an algorithm	The exact execution time of an algorithm in seconds	The memory usage of an algorithm	The worst-case running time complexity (growth rate) of an algorithm	The number of lines of code in an algorithm	What does Big O notation primarily measure in the context of algorithms?	73
131	Java Database Connectivity	Java Database Connection	Java Data Binding Classes	Java Database Connectivity	Java Dynamic Bytecode Connection	What does JDBC stand for?	74
132	DriverManager	Connection	Statement	DriverManager	ResultSet	Which of the following is responsible for loading the appropriate JDBC driver?	74
133	To provide a standard API for Java applications to connect to databases.	To create graphical user interfaces in Java.	To manage server-side web applications.	To provide a standard API for Java applications to connect to databases.	To handle object-relational mapping.	What is the primary role of JDBC?	74
134	Connection	Driver	Connection	Statement	ResultSet	Which object represents an active session with a database in JDBC?	74
135	Statement	PreparedStatement	CallableStatement	Statement	Connection	Which type of JDBC object is used for executing static SQL statements?	74
136	Java Database Connectivity	Java Database Connectivity	Java Data Binding Classes	Java Distributed Computing	Java Development Build	What does JDBC stand for?	82
137	DriverManager	Connection	Statement	DriverManager	ResultSet	In JDBC, which component is responsible for loading the appropriate driver for a specific database?	82
138	init()	service()	doPost()	init()	destroy()	Which method is called only once during the entire lifecycle of a Servlet, for initialization?	82
139	Connection	ResultSet	Connection	Statement	PreparedStatement	Which of the following is a core component required to establish a connection to a database using JDBC?	82
140	<jsp:scriptlet>	<jsp:expression>	<jsp:declaration>	<jsp:scriptlet>	<jsp:include>	Which tag is used to embed Java code directly into a JSP page?	82
141	C	Data Banking Management System	Database Management Software	Database Management System	Data Basic Management Service	What does DBMS stand for?	84
142	C	Word Processor	Spreadsheet	Database	Image Editor	Which of the following is primarily used to store and manage large amounts of structured data?	84
143	C	HTML	CSS	SQL	Java	What is the standard language for managing and manipulating relational databases?	84
144	B	Field	Record	Column	Attribute	In a relational database, what is a single entry (row) in a table called?	84
145	C	Microsoft Word	Google Chrome	MySQL	Adobe Photoshop	Which of these is a common example of a Database Management System?	84
146	Store and manage data	Store and manage data	Create images	Compile code	Run hardware	What is the main purpose of a database?	85
147	SELECT	INSERT	UPDATE	SELECT	DELETE	Which SQL command is used to fetch data?	85
148	Central Processing Unit	Central Process Unit	Central Processing Unit	Computer Personal Unit	Control Processing Utility	What does CPU stand for?	85
149	SJF	FCFS	SJF	Round Robin	Priority	Which OS scheduling algorithm works on shortest job first?	85
150	Router	Switch	Hub	Router	Repeater	Which network device connects multiple networks?	85
151	Store and manage data	Store and manage data	Create images	Compile code	Run hardware	What is the main purpose of a database?	86
152	SELECT	INSERT	UPDATE	SELECT	DELETE	Which SQL command is used to fetch data?	86
153	Central Processing Unit	Central Process Unit	Central Processing Unit	Computer Personal Unit	Control Processing Utility	What does CPU stand for?	86
154	SJF	FCFS	SJF	Round Robin	Priority	Which OS scheduling algorithm works on shortest job first?	86
155	Router	Switch	Hub	Router	Repeater	Which network device connects multiple networks?	86
156	optionC	obj	Class	class	type	Which keyword is used to declare a class in Java?	87
157	optionC	print("Hello World");	System.out.printline("Hello World");	System.out.println("Hello World");	console.log("Hello World");	How do you print 'Hello World' to the console in Java?	87
158	optionC	public void main(String args[])	private static void main(String[] args)	public static void main(String[] args)	static void main(String args)	What is the correct signature for the entry point (`main` method) of a Java application?	87
159	optionA	int x = 10;	x = 10;	integer x = 10;	declare int x = 10;	Which of the following is the correct way to declare an integer variable 'x' and assign it the value '10' in Java?	87
160	optionB	/*	//	#	<!--	Which symbol is used for a single-line comment in Java?	87
161	print("Hello, World!")	print("Hello, World!")	console.log("Hello, World!")	System.out.println("Hello, World!");	echo "Hello, World!"	How do you print 'Hello, World!' in Python?	88
162	def	function	def	func	define	Which keyword is used to define a function in Python?	88
163	# This is a comment	// This is a comment	/* This is a comment */	# This is a comment	<!-- This is a comment -->	How do you create a single-line comment in Python?	88
164	x = 10	x = 10	int x = 10	x := 10	let x = 10	What is the correct way to assign the value 10 to a variable named 'x' in Python?	88
165	.py	.pyt	.py	.ptn	.ph	What is the file extension for Python files?	88
166	Store and manage data	Store and manage data	Create images	Compile code	Run hardware	What is the main purpose of a database?	89
167	SELECT	INSERT	UPDATE	SELECT	DELETE	Which SQL command is used to fetch data?	89
168	Central Processing Unit	Central Process Unit	Central Processing Unit	Computer Personal Unit	Control Processing Utility	What does CPU stand for?	89
169	SJF	FCFS	SJF	Round Robin	Priority	Which OS scheduling algorithm works on shortest job first?	89
170	Router	Switch	Hub	Router	Repeater	Which network device connects multiple networks?	89
171	Java Virtual Machine	Java Virtual Machine	Java Variable Method	Joint Virtual Memory	Java Verified Module	What does JVM stand for?	90
172	Polymorphism	Encapsulation	Polymorphism	Inheritance	Abstraction	Which concept allows one object to take many forms?	90
173	extends	extends	implements	inherits	super	Which keyword is used for inheritance in Java?	90
174	catch block	if block	catch block	switch block	loop block	Which block is used to handle exceptions?	90
175	Set	List	ArrayList	Set	Vector	Which collection stores unique values only?	90
176	Java Virtual Machine	Java Virtual Machine	Java Variable Method	Joint Virtual Memory	Java Verified Module	What does JVM stand for?	91
177	Polymorphism	Encapsulation	Polymorphism	Inheritance	Abstraction	Which concept allows one object to take many forms?	91
178	extends	extends	implements	inherits	super	Which keyword is used for inheritance in Java?	91
179	catch block	if block	catch block	switch block	loop block	Which block is used to handle exceptions?	91
\.


--
-- TOC entry 4929 (class 0 OID 16400)
-- Dependencies: 216
-- Data for Name: quiz; Type: TABLE DATA; Schema: public; Owner: postgres
--

COPY public.quiz (id, created_at, difficulty, topic) FROM stdin;
1	2026-04-13 23:09:36.806972	Easy	Java
43	2026-04-14 15:29:35.242761	Easy	Java
47	2026-04-14 15:58:18.791556	Easy	Java
48	2026-04-14 15:58:44.514166	Easy	Physics
49	2026-04-14 15:58:59.083758	Medium	Physics
50	2026-04-14 15:59:19.279884	Medium	physics
51	2026-04-14 15:59:36.713818	Medium	physics
52	2026-04-14 16:48:28.180351	Medium	Chemistry
53	2026-04-14 16:56:51.109545	Easy	ALOHA
54	2026-04-14 16:58:59.523887	Easy	cn
56	2026-04-14 17:13:53.225176	Easy	dsa
57	2026-04-14 17:19:49.836771	Easy	dsa
58	2026-04-14 17:22:26.059354	Easy	India
59	2026-04-14 17:24:51.458052	Easy	Operating system
60	2026-04-18 23:35:57.364458	Medium	OOPs
61	2026-04-19 00:19:31.734963	Easy	AJP workshop Notice
62	2026-04-19 00:23:05.932065	Easy	Front End Developer
63	2026-04-19 00:25:47.654854	Easy	Network Layer
64	2026-04-19 00:28:12.113645	Easy	Sanjay Nayak
65	2026-04-19 00:31:00.760009	Easy	Ibrar ahmed
66	2026-04-19 00:33:07.414276	Easy	Syllabus
67	2026-04-19 00:48:13.243642	Medium	python
73	2026-04-19 01:12:15.380916	Easy	DSA
74	2026-04-20 09:47:03.310075	Easy	JDBC
82	2026-04-24 00:53:25.857905	Easy	Java
84	2026-04-24 02:42:03.365559	Easy	DBMS
85	2026-04-24 02:45:14.561884	Easy	DBMS
86	2026-04-24 02:46:19.347898	Easy	OSI model
87	2026-04-24 02:51:08.238216	Easy	Java
88	2026-04-24 02:57:52.048793	Easy	python
89	2026-04-24 15:31:23.767625	Easy	Python
90	2026-04-24 15:33:06.152816	Easy	Java
91	2026-04-24 16:02:08.917972	Medium	Java
\.


--
-- TOC entry 4933 (class 0 OID 24600)
-- Dependencies: 220
-- Data for Name: quiz_result; Type: TABLE DATA; Schema: public; Owner: postgres
--

COPY public.quiz_result (id, date, score, total_questions, user_id) FROM stdin;
1	2026-04-14 15:30:33.989307	2	5	1
2	2026-04-14 16:49:13.749011	2	7	1
3	2026-04-14 16:57:54.971863	0	5	1
4	2026-04-14 16:59:35.892598	0	5	1
5	2026-04-14 17:15:26.960271	0	5	1
6	2026-04-14 17:20:23.504654	2	3	1
7	2026-04-14 17:23:01.333665	5	5	1
8	2026-04-14 17:26:05.227617	4	5	2
9	2026-04-18 23:37:02.333632	3	10	1
10	2026-04-19 00:20:55.86985	4	5	1
11	2026-04-19 00:27:44.821768	4	5	1
12	2026-04-19 00:33:58.912655	2	5	1
13	2026-04-19 00:49:01.169027	4	8	1
14	2026-04-20 09:48:14.055153	5	5	1
15	2026-04-24 00:54:24.976695	2	5	1
16	2026-04-24 02:44:26.507284	4	5	1
17	2026-04-24 02:47:10.37695	4	5	1
18	2026-04-24 02:51:56.772898	5	5	1
19	2026-04-24 02:52:29.739796	5	5	1
20	2026-04-24 02:58:39.425185	3	5	1
21	2026-04-24 15:33:40.710484	4	5	4
22	2026-04-24 16:02:36.894371	4	4	4
\.


--
-- TOC entry 4941 (class 0 OID 32818)
-- Dependencies: 228
-- Data for Name: quiz_result_report; Type: TABLE DATA; Schema: public; Owner: postgres
--

COPY public.quiz_result_report (id, accuracy_percentage, answer_review_json, difficulty, improvement_suggestions_json, number_of_questions, performance_summary_json, quiz_result_id, score, taken_at, topic) FROM stdin;
1	80	32827	Easy	32828	5	32829	16	4	2026-04-23 21:14:26.797	DBMS
2	80	32831	Easy	32832	5	32833	17	4	2026-04-23 21:17:10.61	OSI model
3	100	32834	Easy	32835	5	32836	18	5	2026-04-23 21:21:57.032	Java
4	100	32837	Easy	32838	5	32839	19	5	2026-04-23 21:22:30.368	Java
5	60	32840	Easy	32841	5	32842	20	3	2026-04-23 21:28:39.73	python
6	80	32843	Easy	32844	5	32845	21	4	2026-04-24 10:03:40.98	Java
7	100	32846	Medium	32847	4	32848	22	4	2026-04-24 10:32:37.073	Java
\.


--
-- TOC entry 4935 (class 0 OID 24606)
-- Dependencies: 222
-- Data for Name: users; Type: TABLE DATA; Schema: public; Owner: postgres
--

COPY public.users (id, email, password, username) FROM stdin;
1	amar@gmail.com	$2a$10$EQ2Qgjlm76UhOjWixMm2yu9XLVXx5pMOQd3h56xuaKQDh7GNGSAI2	amarjeet
2	amit@gmail.com	$2a$10$v1PPDziH4ROsAaGangFwM.uH0hnB3wfg7ZsDgBUsw1nKZ64iyiQSS	amit
3	rahul@gmail.com	$2a$10$rJ/ILKQKgrSIkTYAOtwNy.lfzn0qKscgiL4UH8PXBxQ6dwyTXReLG	rahul
4	amarjeet@gmail.com	$2a$10$w/5kp1NY/GbzChkCQ1j1A.Uxj9bAMe5pT6cYHpY3J8YNgddDFCO4G	amarjeetkumar
\.


--
-- TOC entry 4969 (class 0 OID 0)
-- Dependencies: 225
-- Name: document_chunk_id_seq; Type: SEQUENCE SET; Schema: public; Owner: postgres
--

SELECT pg_catalog.setval('public.document_chunk_id_seq', 214, true);


--
-- TOC entry 4970 (class 0 OID 0)
-- Dependencies: 223
-- Name: document_id_seq; Type: SEQUENCE SET; Schema: public; Owner: postgres
--

SELECT pg_catalog.setval('public.document_id_seq', 7, true);


--
-- TOC entry 4971 (class 0 OID 0)
-- Dependencies: 217
-- Name: question_id_seq; Type: SEQUENCE SET; Schema: public; Owner: postgres
--

SELECT pg_catalog.setval('public.question_id_seq', 179, true);


--
-- TOC entry 4972 (class 0 OID 0)
-- Dependencies: 215
-- Name: quiz_id_seq; Type: SEQUENCE SET; Schema: public; Owner: postgres
--

SELECT pg_catalog.setval('public.quiz_id_seq', 91, true);


--
-- TOC entry 4973 (class 0 OID 0)
-- Dependencies: 219
-- Name: quiz_result_id_seq; Type: SEQUENCE SET; Schema: public; Owner: postgres
--

SELECT pg_catalog.setval('public.quiz_result_id_seq', 22, true);


--
-- TOC entry 4974 (class 0 OID 0)
-- Dependencies: 227
-- Name: quiz_result_report_id_seq; Type: SEQUENCE SET; Schema: public; Owner: postgres
--

SELECT pg_catalog.setval('public.quiz_result_report_id_seq', 7, true);


--
-- TOC entry 4975 (class 0 OID 0)
-- Dependencies: 221
-- Name: users_id_seq; Type: SEQUENCE SET; Schema: public; Owner: postgres
--

SELECT pg_catalog.setval('public.users_id_seq', 4, true);


--
-- TOC entry 4963 (class 0 OID 0)
-- Data for Name: BLOBS; Type: BLOBS; Schema: -; Owner: -
--

BEGIN;

SELECT pg_catalog.lo_open('32827', 131072);
SELECT pg_catalog.lowrite(0, '\x5b7b227175657374696f6e223a225768617420646f65732044424d53207374616e6420666f723f222c2273656c6563746564416e73776572223a224461746162617365204d616e6167656d656e742053797374656d222c22636f7272656374416e73776572223a224461746162617365204d616e6167656d656e742053797374656d222c22737461747573223a22436f7272656374227d2c7b227175657374696f6e223a225768696368206f662074686520666f6c6c6f77696e67206973207072696d6172696c79207573656420746f2073746f726520616e64206d616e616765206c6172676520616d6f756e7473206f66207374727563747572656420646174613f222c2273656c6563746564416e73776572223a224461746162617365222c22636f7272656374416e73776572223a224461746162617365222c22737461747573223a22436f7272656374227d2c7b227175657374696f6e223a225768617420697320746865207374616e64617264206c616e677561676520666f72206d616e6167696e6720616e64206d616e6970756c6174696e672072656c6174696f6e616c206461746162617365733f222c2273656c6563746564416e73776572223a2253514c222c22636f7272656374416e73776572223a2253514c222c22737461747573223a22436f7272656374227d2c7b227175657374696f6e223a22496e20612072656c6174696f6e616c2064617461626173652c207768617420697320612073696e676c6520656e7472792028726f772920696e2061207461626c652063616c6c65643f222c2273656c6563746564416e73776572223a22436f6c756d6e222c22636f7272656374416e73776572223a225265636f7264222c22737461747573223a2257726f6e67227d2c7b227175657374696f6e223a225768696368206f66207468657365206973206120636f6d6d6f6e206578616d706c65206f662061204461746162617365204d616e6167656d656e742053797374656d3f222c2273656c6563746564416e73776572223a224d7953514c222c22636f7272656374416e73776572223a224d7953514c222c22737461747573223a22436f7272656374227d5d');
SELECT pg_catalog.lo_close(0);

SELECT pg_catalog.lo_open('32828', 131072);
SELECT pg_catalog.lowrite(0, '\x5b2252657669736520436f726520436f6e636570747320616e642070726163746963652073696d696c6172204d4351732e225d');
SELECT pg_catalog.lo_close(0);

SELECT pg_catalog.lo_open('32829', 131072);
SELECT pg_catalog.lowrite(0, '\x5b225374726f6e6720696e20436f726520436f6e6365707473222c224e6565647320696d70726f76656d656e7420696e20436f726520436f6e6365707473225d');
SELECT pg_catalog.lo_close(0);

SELECT pg_catalog.lo_open('32831', 131072);
SELECT pg_catalog.lowrite(0, '\x5b7b227175657374696f6e223a225768617420697320746865206d61696e20707572706f7365206f6620612064617461626173653f222c2273656c6563746564416e73776572223a2253746f726520616e64206d616e6167652064617461222c22636f7272656374416e73776572223a2253746f726520616e64206d616e6167652064617461222c22737461747573223a22436f7272656374227d2c7b227175657374696f6e223a2257686963682053514c20636f6d6d616e64206973207573656420746f20666574636820646174613f222c2273656c6563746564416e73776572223a22555044415445222c22636f7272656374416e73776572223a2253454c454354222c22737461747573223a2257726f6e67227d2c7b227175657374696f6e223a225768617420646f657320435055207374616e6420666f723f222c2273656c6563746564416e73776572223a2243656e7472616c2050726f63657373696e6720556e6974222c22636f7272656374416e73776572223a2243656e7472616c2050726f63657373696e6720556e6974222c22737461747573223a22436f7272656374227d2c7b227175657374696f6e223a225768696368204f53207363686564756c696e6720616c676f726974686d20776f726b73206f6e2073686f7274657374206a6f622066697273743f222c2273656c6563746564416e73776572223a22534a46222c22636f7272656374416e73776572223a22534a46222c22737461747573223a22436f7272656374227d2c7b227175657374696f6e223a225768696368206e6574776f726b2064657669636520636f6e6e65637473206d756c7469706c65206e6574776f726b733f222c2273656c6563746564416e73776572223a22526f75746572222c22636f7272656374416e73776572223a22526f75746572222c22737461747573223a22436f7272656374227d5d');
SELECT pg_catalog.lo_close(0);

SELECT pg_catalog.lo_open('32832', 131072);
SELECT pg_catalog.lowrite(0, '\x5b2252657669736520436f726520436f6e636570747320616e642070726163746963652073696d696c6172204d4351732e225d');
SELECT pg_catalog.lo_close(0);

SELECT pg_catalog.lo_open('32833', 131072);
SELECT pg_catalog.lowrite(0, '\x5b225374726f6e6720696e20436f726520436f6e6365707473222c224e6565647320696d70726f76656d656e7420696e20436f726520436f6e6365707473225d');
SELECT pg_catalog.lo_close(0);

SELECT pg_catalog.lo_open('32834', 131072);
SELECT pg_catalog.lowrite(0, '\x5b7b227175657374696f6e223a225768696368206b6579776f7264206973207573656420746f206465636c617265206120636c61737320696e204a6176613f222c2273656c6563746564416e73776572223a22436c617373222c22636f7272656374416e73776572223a22636c617373222c22737461747573223a22436f7272656374227d2c7b227175657374696f6e223a22486f7720646f20796f75207072696e74202748656c6c6f20576f726c642720746f2074686520636f6e736f6c6520696e204a6176613f222c2273656c6563746564416e73776572223a2253797374656d2e6f75742e7072696e746c6e285c2248656c6c6f20576f726c645c22293b222c22636f7272656374416e73776572223a2253797374656d2e6f75742e7072696e746c6e285c2248656c6c6f20576f726c645c22293b222c22737461747573223a22436f7272656374227d2c7b227175657374696f6e223a22576861742069732074686520636f7272656374207369676e617475726520666f722074686520656e74727920706f696e742028606d61696e60206d6574686f6429206f662061204a617661206170706c69636174696f6e3f222c2273656c6563746564416e73776572223a227075626c69632073746174696320766f6964206d61696e28537472696e675b5d206172677329222c22636f7272656374416e73776572223a227075626c69632073746174696320766f6964206d61696e28537472696e675b5d206172677329222c22737461747573223a22436f7272656374227d2c7b227175657374696f6e223a225768696368206f662074686520666f6c6c6f77696e672069732074686520636f72726563742077617920746f206465636c61726520616e20696e7465676572207661726961626c652027782720616e642061737369676e206974207468652076616c7565202731302720696e204a6176613f222c2273656c6563746564416e73776572223a22696e742078203d2031303b222c22636f7272656374416e73776572223a22696e742078203d2031303b222c22737461747573223a22436f7272656374227d2c7b227175657374696f6e223a2257686963682073796d626f6c206973207573656420666f7220612073696e676c652d6c696e6520636f6d6d656e7420696e204a6176613f222c2273656c6563746564416e73776572223a222f2f222c22636f7272656374416e73776572223a222f2f222c22737461747573223a22436f7272656374227d5d');
SELECT pg_catalog.lo_close(0);

SELECT pg_catalog.lo_open('32835', 131072);
SELECT pg_catalog.lowrite(0, '\x5b224b6565702070726163746963696e67206d697865642d646966666963756c7479207175657374696f6e7320746f206d61696e7461696e20706572666f726d616e63652e225d');
SELECT pg_catalog.lo_close(0);

SELECT pg_catalog.lo_open('32836', 131072);
SELECT pg_catalog.lowrite(0, '\x5b225374726f6e6720696e204a617661204f4f50222c225374726f6e6720696e20436f726520436f6e6365707473225d');
SELECT pg_catalog.lo_close(0);

SELECT pg_catalog.lo_open('32837', 131072);
SELECT pg_catalog.lowrite(0, '\x5b7b227175657374696f6e223a225768696368206b6579776f7264206973207573656420746f206465636c617265206120636c61737320696e204a6176613f222c2273656c6563746564416e73776572223a22436c617373222c22636f7272656374416e73776572223a22636c617373222c22737461747573223a22436f7272656374227d2c7b227175657374696f6e223a22486f7720646f20796f75207072696e74202748656c6c6f20576f726c642720746f2074686520636f6e736f6c6520696e204a6176613f222c2273656c6563746564416e73776572223a2253797374656d2e6f75742e7072696e746c6e285c2248656c6c6f20576f726c645c22293b222c22636f7272656374416e73776572223a2253797374656d2e6f75742e7072696e746c6e285c2248656c6c6f20576f726c645c22293b222c22737461747573223a22436f7272656374227d2c7b227175657374696f6e223a22576861742069732074686520636f7272656374207369676e617475726520666f722074686520656e74727920706f696e742028606d61696e60206d6574686f6429206f662061204a617661206170706c69636174696f6e3f222c2273656c6563746564416e73776572223a227075626c69632073746174696320766f6964206d61696e28537472696e675b5d206172677329222c22636f7272656374416e73776572223a227075626c69632073746174696320766f6964206d61696e28537472696e675b5d206172677329222c22737461747573223a22436f7272656374227d2c7b227175657374696f6e223a225768696368206f662074686520666f6c6c6f77696e672069732074686520636f72726563742077617920746f206465636c61726520616e20696e7465676572207661726961626c652027782720616e642061737369676e206974207468652076616c7565202731302720696e204a6176613f222c2273656c6563746564416e73776572223a22696e742078203d2031303b222c22636f7272656374416e73776572223a22696e742078203d2031303b222c22737461747573223a22436f7272656374227d2c7b227175657374696f6e223a2257686963682073796d626f6c206973207573656420666f7220612073696e676c652d6c696e6520636f6d6d656e7420696e204a6176613f222c2273656c6563746564416e73776572223a222f2f222c22636f7272656374416e73776572223a222f2f222c22737461747573223a22436f7272656374227d5d');
SELECT pg_catalog.lo_close(0);

SELECT pg_catalog.lo_open('32838', 131072);
SELECT pg_catalog.lowrite(0, '\x5b224b6565702070726163746963696e67206d697865642d646966666963756c7479207175657374696f6e7320746f206d61696e7461696e20706572666f726d616e63652e225d');
SELECT pg_catalog.lo_close(0);

SELECT pg_catalog.lo_open('32839', 131072);
SELECT pg_catalog.lowrite(0, '\x5b225374726f6e6720696e204a617661204f4f50222c225374726f6e6720696e20436f726520436f6e6365707473225d');
SELECT pg_catalog.lo_close(0);

SELECT pg_catalog.lo_open('32840', 131072);
SELECT pg_catalog.lowrite(0, '\x5b7b227175657374696f6e223a22486f7720646f20796f75207072696e74202748656c6c6f2c20576f726c64212720696e20507974686f6e3f222c2273656c6563746564416e73776572223a227072696e74285c2248656c6c6f2c20576f726c64215c2229222c22636f7272656374416e73776572223a227072696e74285c2248656c6c6f2c20576f726c64215c2229222c22737461747573223a22436f7272656374227d2c7b227175657374696f6e223a225768696368206b6579776f7264206973207573656420746f20646566696e6520612066756e6374696f6e20696e20507974686f6e3f222c2273656c6563746564416e73776572223a2266756e63222c22636f7272656374416e73776572223a22646566222c22737461747573223a2257726f6e67227d2c7b227175657374696f6e223a22486f7720646f20796f752063726561746520612073696e676c652d6c696e6520636f6d6d656e7420696e20507974686f6e3f222c2273656c6563746564416e73776572223a22232054686973206973206120636f6d6d656e74222c22636f7272656374416e73776572223a22232054686973206973206120636f6d6d656e74222c22737461747573223a22436f7272656374227d2c7b227175657374696f6e223a22576861742069732074686520636f72726563742077617920746f2061737369676e207468652076616c756520313020746f2061207661726961626c65206e616d65642027782720696e20507974686f6e3f222c2273656c6563746564416e73776572223a22696e742078203d203130222c22636f7272656374416e73776572223a2278203d203130222c22737461747573223a2257726f6e67227d2c7b227175657374696f6e223a2257686174206973207468652066696c6520657874656e73696f6e20666f7220507974686f6e2066696c65733f222c2273656c6563746564416e73776572223a222e7079222c22636f7272656374416e73776572223a222e7079222c22737461747573223a22436f7272656374227d5d');
SELECT pg_catalog.lo_close(0);

SELECT pg_catalog.lo_open('32841', 131072);
SELECT pg_catalog.lowrite(0, '\x5b2252657669736520436f726520436f6e636570747320616e642070726163746963652073696d696c6172204d4351732e225d');
SELECT pg_catalog.lo_close(0);

SELECT pg_catalog.lo_open('32842', 131072);
SELECT pg_catalog.lowrite(0, '\x5b225374726f6e6720696e20436f726520436f6e6365707473222c224e6565647320696d70726f76656d656e7420696e20436f726520436f6e6365707473225d');
SELECT pg_catalog.lo_close(0);

SELECT pg_catalog.lo_open('32843', 131072);
SELECT pg_catalog.lowrite(0, '\x5b7b227175657374696f6e223a225768617420646f6573204a564d207374616e6420666f723f222c2273656c6563746564416e73776572223a224a617661205669727475616c204d616368696e65222c22636f7272656374416e73776572223a224a617661205669727475616c204d616368696e65222c22737461747573223a22436f7272656374227d2c7b227175657374696f6e223a22576869636820636f6e6365707420616c6c6f7773206f6e65206f626a65637420746f2074616b65206d616e7920666f726d733f222c2273656c6563746564416e73776572223a22506f6c796d6f72706869736d222c22636f7272656374416e73776572223a22506f6c796d6f72706869736d222c22737461747573223a22436f7272656374227d2c7b227175657374696f6e223a225768696368206b6579776f7264206973207573656420666f7220696e6865726974616e636520696e204a6176613f222c2273656c6563746564416e73776572223a22657874656e6473222c22636f7272656374416e73776572223a22657874656e6473222c22737461747573223a22436f7272656374227d2c7b227175657374696f6e223a22576869636820626c6f636b206973207573656420746f2068616e646c6520657863657074696f6e733f222c2273656c6563746564416e73776572223a22636174636820626c6f636b222c22636f7272656374416e73776572223a22636174636820626c6f636b222c22737461747573223a22436f7272656374227d2c7b227175657374696f6e223a22576869636820636f6c6c656374696f6e2073746f72657320756e697175652076616c756573206f6e6c793f222c2273656c6563746564416e73776572223a2241727261794c697374222c22636f7272656374416e73776572223a22536574222c22737461747573223a2257726f6e67227d5d');
SELECT pg_catalog.lo_close(0);

SELECT pg_catalog.lo_open('32844', 131072);
SELECT pg_catalog.lowrite(0, '\x5b2252657669736520436f6c6c656374696f6e73204672616d65776f726b20616e642070726163746963652073696d696c6172204d4351732e225d');
SELECT pg_catalog.lo_close(0);

SELECT pg_catalog.lo_open('32845', 131072);
SELECT pg_catalog.lowrite(0, '\x5b225374726f6e6720696e20436f726520436f6e6365707473222c225374726f6e6720696e204a617661204f4f50222c225374726f6e6720696e20496e6865726974616e6365222c225374726f6e6720696e20457863657074696f6e2048616e646c696e67222c224e6565647320696d70726f76656d656e7420696e20436f6c6c656374696f6e73204672616d65776f726b225d');
SELECT pg_catalog.lo_close(0);

SELECT pg_catalog.lo_open('32846', 131072);
SELECT pg_catalog.lowrite(0, '\x5b7b227175657374696f6e223a225768617420646f6573204a564d207374616e6420666f723f222c2273656c6563746564416e73776572223a224a617661205669727475616c204d616368696e65222c22636f7272656374416e73776572223a224a617661205669727475616c204d616368696e65222c22737461747573223a22436f7272656374227d2c7b227175657374696f6e223a22576869636820636f6e6365707420616c6c6f7773206f6e65206f626a65637420746f2074616b65206d616e7920666f726d733f222c2273656c6563746564416e73776572223a22506f6c796d6f72706869736d222c22636f7272656374416e73776572223a22506f6c796d6f72706869736d222c22737461747573223a22436f7272656374227d2c7b227175657374696f6e223a225768696368206b6579776f7264206973207573656420666f7220696e6865726974616e636520696e204a6176613f222c2273656c6563746564416e73776572223a22657874656e6473222c22636f7272656374416e73776572223a22657874656e6473222c22737461747573223a22436f7272656374227d2c7b227175657374696f6e223a22576869636820626c6f636b206973207573656420746f2068616e646c6520657863657074696f6e733f222c2273656c6563746564416e73776572223a22636174636820626c6f636b222c22636f7272656374416e73776572223a22636174636820626c6f636b222c22737461747573223a22436f7272656374227d5d');
SELECT pg_catalog.lo_close(0);

SELECT pg_catalog.lo_open('32847', 131072);
SELECT pg_catalog.lowrite(0, '\x5b224b6565702070726163746963696e67206d697865642d646966666963756c7479207175657374696f6e7320746f206d61696e7461696e20706572666f726d616e63652e225d');
SELECT pg_catalog.lo_close(0);

SELECT pg_catalog.lo_open('32848', 131072);
SELECT pg_catalog.lowrite(0, '\x5b225374726f6e6720696e20436f726520436f6e6365707473222c225374726f6e6720696e204a617661204f4f50222c225374726f6e6720696e20496e6865726974616e6365222c225374726f6e6720696e20457863657074696f6e2048616e646c696e67225d');
SELECT pg_catalog.lo_close(0);

COMMIT;

--
-- TOC entry 4780 (class 2606 OID 32806)
-- Name: document_chunk document_chunk_pkey; Type: CONSTRAINT; Schema: public; Owner: postgres
--

ALTER TABLE ONLY public.document_chunk
    ADD CONSTRAINT document_chunk_pkey PRIMARY KEY (id);


--
-- TOC entry 4778 (class 2606 OID 32798)
-- Name: document document_pkey; Type: CONSTRAINT; Schema: public; Owner: postgres
--

ALTER TABLE ONLY public.document
    ADD CONSTRAINT document_pkey PRIMARY KEY (id);


--
-- TOC entry 4768 (class 2606 OID 16414)
-- Name: question question_pkey; Type: CONSTRAINT; Schema: public; Owner: postgres
--

ALTER TABLE ONLY public.question
    ADD CONSTRAINT question_pkey PRIMARY KEY (id);


--
-- TOC entry 4766 (class 2606 OID 16406)
-- Name: quiz quiz_pkey; Type: CONSTRAINT; Schema: public; Owner: postgres
--

ALTER TABLE ONLY public.quiz
    ADD CONSTRAINT quiz_pkey PRIMARY KEY (id);


--
-- TOC entry 4770 (class 2606 OID 24604)
-- Name: quiz_result quiz_result_pkey; Type: CONSTRAINT; Schema: public; Owner: postgres
--

ALTER TABLE ONLY public.quiz_result
    ADD CONSTRAINT quiz_result_pkey PRIMARY KEY (id);


--
-- TOC entry 4782 (class 2606 OID 32824)
-- Name: quiz_result_report quiz_result_report_pkey; Type: CONSTRAINT; Schema: public; Owner: postgres
--

ALTER TABLE ONLY public.quiz_result_report
    ADD CONSTRAINT quiz_result_report_pkey PRIMARY KEY (id);


--
-- TOC entry 4772 (class 2606 OID 24614)
-- Name: users uk6dotkott2kjsp8vw4d0m25fb7; Type: CONSTRAINT; Schema: public; Owner: postgres
--

ALTER TABLE ONLY public.users
    ADD CONSTRAINT uk6dotkott2kjsp8vw4d0m25fb7 UNIQUE (email);


--
-- TOC entry 4784 (class 2606 OID 32826)
-- Name: quiz_result_report uk6knaebtjexl25c3kl4ec796ru; Type: CONSTRAINT; Schema: public; Owner: postgres
--

ALTER TABLE ONLY public.quiz_result_report
    ADD CONSTRAINT uk6knaebtjexl25c3kl4ec796ru UNIQUE (quiz_result_id);


--
-- TOC entry 4774 (class 2606 OID 24616)
-- Name: users ukr43af9ap4edm43mmtq01oddj6; Type: CONSTRAINT; Schema: public; Owner: postgres
--

ALTER TABLE ONLY public.users
    ADD CONSTRAINT ukr43af9ap4edm43mmtq01oddj6 UNIQUE (username);


--
-- TOC entry 4776 (class 2606 OID 24612)
-- Name: users users_pkey; Type: CONSTRAINT; Schema: public; Owner: postgres
--

ALTER TABLE ONLY public.users
    ADD CONSTRAINT users_pkey PRIMARY KEY (id);


-- Completed on 2026-04-25 00:07:40

--
-- PostgreSQL database dump complete
--

\unrestrict LTsqUwAtEKwYnAiZgGI3gtYvuQsVvRHCnn398yHjkFO1FebEGd6rOGUn82Kb1My

